,Unnamed: 0,account_key,subscription_start,total_study_hrs,lessons_completed,projects_completed,Intro to Data Science_hrs,Intro to HTML and CSS_hrs,Data Analyst Nanodegree_hrs,Data Visualization and D3.js_hrs,Data Analysis with R_hrs,JavaScript Basics_hrs,Intro to Machine Learning_hrs,A/B Testing_hrs,Data Wrangling with MongoDB_hrs,Intro to Data Science_lesson,Intro to HTML and CSS_lesson,Data Analyst Nanodegree_lesson,Data Visualization and D3.js_lesson,Data Analysis with R_lesson,JavaScript Basics_lesson,Intro to Machine Learning_lesson,A/B Testing_lesson,Data Wrangling with MongoDB_lesson,Intro to Data Science_proj,Intro to HTML and CSS_proj,Data Analyst Nanodegree_proj,Data Visualization and D3.js_proj,Data Analysis with R_proj,JavaScript Basics_proj,Intro to Machine Learning_proj,A/B Testing_proj,Data Wrangling with MongoDB_proj
0,0,448,2014,7.865357536110332,0.0,0.0,1.630967122222833,0.76440243055,3.406064944444332,0.1529222527776666,0.3580875638883333,0.972030158333333,0.580883063888833,0.0,0.0,0.0,0.0,0.0,0.0,0.0,0.0,0.0,0.0,0.0,0.0,0.0,0.0,0.0,0.0,0.0,0.0,0.0,0.0
1,1,44,2014,46.394156652769325,12.0,0.0,22.17087966667,0.0,2.638166563883333,0.0,0.0,0.0,0.0,0.0,21.58511042221,9.0,0.0,0.0,0.0,0.0,0.0,0.0,0.0,12.0,1.0,0.0,0.0,0.0,0.0,0.0,0.0,0.0,0.0
2,2,258,2014,99.50050039167,11.0,1.0,22.683015541666663,0.0,5.058334588888333,9.44551641389,19.8368701444333,0.0,24.678967750016668,0.0,17.797795952776003,9.0,0.0,0.0,5.0,6.0,0.0,14.0,0.0,11.0,1.0,0.0,1.0,1.0,1.0,0.0,1.0,0.0,1.0
3,3,366,2014,102.5816878972188,11.0,0.0,33.8699802444555,0.0,2.968250669443833,3.994799516661166,9.556285272220002,0.0,24.7427082499883,0.0,27.44966394445,9.0,0.0,1.0,2.0,6.0,0.0,13.0,0.0,11.0,1.0,0.0,0.0,0.0,0.0,0.0,0.0,0.0,0.0
4,4,587,2014,17.879348477769334,0.0,0.0,16.004607786103833,0.0,1.6172240611105,0.0,0.0,0.0,0.25751663055,0.0,0.0,3.0,0.0,0.0,0.0,0.0,0.0,0.0,0.0,0.0,0.0,0.0,0.0,0.0,0.0,0.0,0.0,0.0,0.0
5,5,943,2014,0.2647090472216666,0.0,0.0,0.0,0.0,0.2647090472216666,0.0,0.0,0.0,0.0,0.0,0.0,0.0,0.0,0.0,0.0,0.0,0.0,0.0,0.0,0.0,0.0,0.0,0.0,0.0,0.0,0.0,0.0,0.0,0.0
6,6,412,2014,111.9762681027961,9.0,0.0,54.78955910833,0.0,2.4915461749945,0.0,0.0,0.0,0.0,0.0,54.6951628194666,10.0,0.0,0.0,0.0,0.0,0.0,0.0,0.0,9.0,1.0,0.0,0.0,0.0,0.0,0.0,0.0,0.0,0.0
7,7,1288,2014,2.869097194443333,0.0,0.0,0.0587885333333333,0.0,0.969323388888333,0.1867833555549999,0.0,0.0,1.654201916666666,0.0,0.0,0.0,0.0,0.0,0.0,0.0,0.0,0.0,0.0,0.0,0.0,0.0,0.0,0.0,0.0,0.0,0.0,0.0,0.0
8,8,1006,2014,1.840385422223333,0.0,0.0,0.0,0.0,1.776294280556666,0.0,0.0,0.0,0.0,0.0,0.0640911416666666,0.0,0.0,0.0,0.0,0.0,0.0,0.0,0.0,0.0,0.0,0.0,0.0,0.0,0.0,0.0,0.0,0.0,0.0
9,9,429,2014,39.7687716888708,2.0,0.0,28.7079672861,0.0,1.499927927777666,1.9421657805555,0.0,0.0,0.046634225,0.0,7.572076469436667,9.0,0.0,0.0,0.0,0.0,0.0,0.0,0.0,2.0,1.0,0.0,0.0,0.0,0.0,0.0,0.0,0.0,0.0
10,10,130,2014,86.9687914083523,8.0,0.0,53.1709158055616,0.0,3.4385773888845,0.0,0.0,0.0,0.0,0.0,30.359298213906165,9.0,0.0,0.0,0.0,0.0,0.0,0.0,0.0,8.0,1.0,0.0,0.0,0.0,0.0,0.0,0.0,0.0,0.0
11,11,31,2014,31.953683958325,0.0,0.0,28.123644277773334,0.0,3.30279416944,0.0,0.0,0.0,0.0,0.0,0.527245511111666,9.0,0.0,0.0,0.0,0.0,0.0,0.0,0.0,0.0,0.0,0.0,0.0,0.0,0.0,0.0,0.0,0.0,0.0
12,12,919,2014,100.7069308666684,10.0,1.0,13.9849808222155,0.0,4.466136205556666,7.323793519437833,18.3948547722378,0.0,41.4728090055428,0.0,15.064356541677832,5.0,0.0,1.0,4.0,8.0,0.0,14.0,0.0,10.0,0.0,0.0,0.0,0.0,1.0,0.0,0.0,0.0,1.0
13,13,204,2014,181.7755980361738,11.0,1.0,35.8485885305728,0.0,3.4726734166665,24.089591861111668,33.3097333305661,0.0,41.4979965250155,0.0,43.5570143722411,8.0,0.0,2.0,8.0,9.0,0.0,14.0,0.0,11.0,1.0,0.0,0.0,0.0,1.0,0.0,1.0,0.0,1.0
14,14,439,2014,71.0892756361098,8.0,0.0,36.934657322214335,0.0,4.365029986111667,0.0,0.0,0.0,0.0,0.0,29.7895883277838,9.0,0.0,2.0,0.0,0.0,0.0,0.0,0.0,8.0,1.0,0.0,0.0,0.0,0.0,0.0,0.0,0.0,0.0
15,15,72,2014,65.0067382749768,9.0,1.0,6.787438741662167,0.0,2.081554313888,0.0,14.091874424995002,0.0,22.0622918555421,0.0,19.983578938889497,2.0,0.0,2.0,0.0,6.0,0.0,14.0,0.0,9.0,1.0,0.0,0.0,0.0,1.0,0.0,0.0,0.0,1.0
16,16,580,2014,110.5424978694776,8.0,1.0,48.54455848611117,0.0,4.579360058337666,0.0,0.3072710472216666,0.0,40.8835894861171,0.0,16.22771879169,10.0,0.0,1.0,0.0,0.0,0.0,12.0,0.0,8.0,1.0,0.0,0.0,0.0,0.0,0.0,1.0,0.0,1.0
17,17,225,2014,105.7167415333211,11.0,1.0,22.41805113889,0.0,1.244921372221667,0.0,27.564756030557337,0.0,36.8316004666489,0.0,17.6574125249981,7.0,0.0,0.0,0.0,8.0,0.0,14.0,0.0,11.0,1.0,0.0,0.0,0.0,1.0,0.0,0.0,0.0,1.0
18,18,179,2014,90.1988527277836,10.0,1.0,22.563509755551006,1.708758605556666,1.8537098583325,11.435211538906833,6.84612114166,0.0,27.217900349988334,0.0,18.573641477783333,8.0,1.0,2.0,3.0,0.0,0.0,13.0,0.0,10.0,1.0,0.0,0.0,0.0,1.0,0.0,0.0,0.0,1.0
19,19,224,2014,118.0226798666655,11.0,1.0,31.585335302777164,0.0,2.188138347222166,0.0,18.192565530549498,0.0,35.4621183166683,0.0,30.59452236944833,9.0,0.0,0.0,0.0,9.0,0.0,14.0,0.0,11.0,1.0,0.0,0.0,0.0,1.0,0.0,0.0,0.0,1.0
20,20,553,2014,159.76570674169,11.0,1.0,34.8829783944595,0.0,2.6941167305555,24.2269348666711,25.057377713887828,0.0,37.2784246444499,0.0391664305554999,35.5867079611155,9.0,0.0,0.0,8.0,9.0,0.0,14.0,0.0,11.0,1.0,0.0,1.0,0.0,1.0,0.0,1.0,0.0,1.0
21,21,1094,2014,10.678149669457332,0.0,0.0,8.401777161122832,0.0,2.276372508334499,0.0,0.0,0.0,0.0,0.0,0.0,1.0,0.0,0.0,0.0,0.0,0.0,0.0,0.0,0.0,0.0,0.0,0.0,0.0,0.0,0.0,0.0,0.0,0.0
22,22,649,2014,66.8089200499966,11.0,1.0,14.450051297211669,0.0,2.489620616666667,7.949075783328333,11.7947610444445,0.0,17.5351075027955,0.0,12.590303805550002,9.0,0.0,1.0,8.0,9.0,0.0,13.0,0.0,11.0,1.0,0.0,1.0,1.0,1.0,0.0,1.0,0.0,1.0
23,23,655,2014,21.9922198333433,0.0,0.0,20.1779801833433,0.0,1.81423965,0.0,0.0,0.0,0.0,0.0,0.0,4.0,0.0,0.0,0.0,0.0,0.0,0.0,0.0,0.0,0.0,0.0,0.0,0.0,0.0,0.0,0.0,0.0,0.0
24,24,336,2014,161.0232030277718,11.0,1.0,27.430437602778834,3.5617993694395,8.90623441945,25.428193519432668,21.9359828611105,7.707952344443834,27.627751844450504,8.757658713899998,29.667192352766,10.0,3.0,0.0,8.0,9.0,6.0,14.0,4.0,11.0,1.0,0.0,0.0,0.0,1.0,0.0,1.0,0.0,1.0
25,25,150,2014,135.1157324555518,11.0,1.0,37.1238151388995,0.0,3.292341619445666,14.39986238889,21.140694630550005,0.0,22.10842811666,0.0,37.0505905611016,5.0,0.0,0.0,7.0,9.0,0.0,14.0,0.0,11.0,1.0,0.0,1.0,1.0,1.0,0.0,1.0,0.0,1.0
26,26,408,2014,30.72739592222933,7.0,0.0,19.911902541671164,0.0,1.306751227778166,0.0,0.0,0.0,0.0,0.0,9.50874215278,9.0,0.0,0.0,0.0,0.0,0.0,0.0,0.0,7.0,1.0,0.0,0.0,0.0,0.0,0.0,0.0,0.0,0.0
27,27,458,2014,28.285892224975505,1.0,0.0,17.949567647209502,0.0,2.6717106416665,0.0,0.1577058805555,0.0,0.1092926694445,0.0,7.397615386099501,4.0,0.0,0.0,0.0,0.0,0.0,0.0,0.0,1.0,1.0,0.0,0.0,0.0,0.0,0.0,0.0,0.0,0.0
28,28,494,2014,2.539666652778333,0.0,0.0,0.0,0.0,2.539666652778333,0.0,0.0,0.0,0.0,0.0,0.0,0.0,0.0,0.0,0.0,0.0,0.0,0.0,0.0,0.0,0.0,0.0,0.0,0.0,0.0,0.0,0.0,0.0,0.0
29,29,369,2014,264.4046882083862,11.0,1.0,61.982487766693325,0.0,3.676884825002166,0.0,58.4162283166595,0.0,46.0259980222261,0.2896251111116666,94.0134641666933,9.0,0.0,0.0,0.0,9.0,0.0,12.0,0.0,11.0,1.0,0.0,0.0,0.0,1.0,0.0,0.0,0.0,1.0
30,30,913,2014,2.006337841666166,0.0,0.0,0.1602480499999999,0.0,1.846089791666166,0.0,0.0,0.0,0.0,0.0,0.0,0.0,0.0,0.0,0.0,0.0,0.0,0.0,0.0,0.0,0.0,0.0,0.0,0.0,0.0,0.0,0.0,0.0,0.0
31,31,601,2014,17.059607830564502,0.0,0.0,14.806939458342834,0.1373897999999999,0.65807581111,0.0,0.0,0.0,0.0,0.0,1.457202761111666,8.0,0.0,1.0,0.0,0.0,0.0,0.0,0.0,0.0,1.0,0.0,0.0,0.0,0.0,0.0,0.0,0.0,0.0
32,32,506,2014,165.521306880555,11.0,1.0,41.9421785388933,0.0,3.534587680555499,5.690900177782834,23.05404816666,0.0,34.7624754555526,0.0,56.53711686111068,9.0,0.0,0.0,3.0,9.0,0.0,14.0,0.0,11.0,1.0,0.0,0.0,0.0,1.0,0.0,0.0,0.0,1.0
33,33,156,2014,70.4830795777996,11.0,1.0,27.1471805861115,0.0,6.818995816667166,0.424139808333333,12.288209738892832,0.0,0.4474288666666666,0.0,23.35712476112817,9.0,0.0,1.0,0.0,4.0,0.0,0.0,0.0,11.0,1.0,0.0,0.0,0.0,0.0,0.0,0.0,0.0,1.0
34,34,963,2014,0.691339508333333,0.0,0.0,0.3296896861116666,0.0,0.3616498222216666,0.0,0.0,0.0,0.0,0.0,0.0,0.0,0.0,0.0,0.0,0.0,0.0,0.0,0.0,0.0,0.0,0.0,0.0,0.0,0.0,0.0,0.0,0.0,0.0
35,35,522,2014,74.48242225275,7.0,1.0,10.939617547220667,0.0,4.654122911110166,0.0,16.782191886115502,0.0,23.741001797205502,0.0,18.3654881111051,2.0,0.0,0.0,0.0,9.0,0.0,14.0,0.0,7.0,1.0,0.0,0.0,0.0,0.0,0.0,0.0,0.0,1.0
36,36,595,2014,106.8397358055531,11.0,1.0,32.9977988610945,0.0,2.0865134694455,4.292690188888833,19.28956980000217,0.0,21.4738896055555,0.0,26.699273880566672,8.0,0.0,0.0,2.0,9.0,0.0,14.0,0.0,11.0,1.0,0.0,0.0,0.0,1.0,0.0,1.0,0.0,1.0
37,37,480,2014,43.6453404555531,4.0,0.0,25.8311745638855,0.0,0.8996113055555,0.0,4.070453527777166,0.0,0.604703649999999,0.0,12.239397408335002,8.0,0.0,0.0,0.0,2.0,0.0,0.0,0.0,4.0,1.0,0.0,0.0,0.0,0.0,0.0,0.0,0.0,0.0
38,38,544,2014,99.20322302218,11.0,1.0,21.920750688888837,0.0,4.31189185,15.968220786093331,11.807429733322165,0.0,19.7581804722088,0.879797916666666,24.55695157500717,6.0,0.0,0.0,8.0,5.0,0.0,14.0,0.0,11.0,1.0,0.0,1.0,1.0,1.0,0.0,1.0,0.0,1.0
39,39,378,2014,21.59821466388484,0.0,0.0,18.1698311916621,0.0,1.785291786110999,0.0,0.036949475,0.0,0.0,0.0,1.606142211111666,7.0,0.0,0.0,0.0,0.0,0.0,0.0,0.0,0.0,1.0,0.0,0.0,0.0,0.0,0.0,0.0,0.0,0.0
40,40,810,2014,0.955509413888333,0.0,0.0,0.693496130554999,0.0,0.2620132833333333,0.0,0.0,0.0,0.0,0.0,0.0,0.0,0.0,0.0,0.0,0.0,0.0,0.0,0.0,0.0,0.0,0.0,0.0,0.0,0.0,0.0,0.0,0.0,0.0
41,41,81,2014,88.1666888638923,11.0,1.0,16.5016760972295,0.0,2.173933119446666,7.454361261113333,21.63034466944384,0.0,22.2025691305595,0.0,18.203804586099505,9.0,0.0,1.0,6.0,9.0,0.0,14.0,0.0,11.0,1.0,0.0,0.0,0.0,1.0,0.0,0.0,0.0,1.0
42,42,483,2014,171.0732831471865,10.0,1.0,37.8657880860766,0.0484147416666666,10.848732791676165,8.759681891676166,28.390203058333835,0.0,55.4727841555298,0.0,29.687678422227165,5.0,0.0,1.0,2.0,7.0,0.0,13.0,0.0,10.0,1.0,0.0,1.0,0.0,0.0,0.0,1.0,0.0,1.0
43,43,1174,2014,68.50164938612,0.0,0.0,55.9179685777816,0.0,4.2631934444445,0.1187252861111666,5.050785399999333,0.0,3.150976677783333,0.0,0.0,9.0,0.0,0.0,0.0,2.0,0.0,0.0,0.0,0.0,0.0,0.0,0.0,0.0,0.0,0.0,0.0,0.0,0.0
44,44,512,2014,35.1344296749926,6.0,1.0,15.2131642861,0.0,2.871547433332166,0.0,9.826922622228832,0.0371213138888333,2.065751716666666,0.0,5.119922302776166,5.0,0.0,0.0,0.0,3.0,0.0,0.0,0.0,6.0,1.0,0.0,0.0,0.0,0.0,0.0,0.0,0.0,1.0
45,45,604,2014,100.5936527083025,5.0,1.0,10.726179602777668,0.0,3.198489436111999,15.866101411100002,7.667622169438999,0.0,36.9875572833221,0.535088055556166,25.6126147499955,3.0,0.0,0.0,8.0,3.0,0.0,11.0,0.0,5.0,1.0,0.0,0.0,0.0,0.0,0.0,0.0,0.0,1.0
46,46,568,2014,135.3248918610858,11.0,1.0,28.84998943051,5.279020844450667,2.955372627777833,3.41350563611,23.723982652777337,1.589439855556166,30.76042159444049,0.0,38.7531592194583,9.0,1.0,0.0,0.0,9.0,2.0,14.0,0.0,11.0,1.0,0.0,0.0,0.0,1.0,0.0,1.0,0.0,1.0
47,47,700,2014,2.038815158338333,0.0,0.0,1.78571566945,0.0,0.2530994888883333,0.0,0.0,0.0,0.0,0.0,0.0,0.0,0.0,0.0,0.0,0.0,0.0,0.0,0.0,0.0,0.0,0.0,0.0,0.0,0.0,0.0,0.0,0.0,0.0
48,48,91,2014,50.6600658360876,8.0,0.0,20.081187147211164,7.137908033338833,1.075473316665333,0.0,0.0,6.367821711,0.0,0.0,15.997675627772336,9.0,3.0,0.0,0.0,0.0,7.0,0.0,0.0,8.0,1.0,1.0,0.0,0.0,0.0,1.0,0.0,0.0,0.0
49,49,268,2014,3.007940558327167,0.0,0.0,2.4126041166605,0.0,0.595336441666666,0.0,0.0,0.0,0.0,0.0,0.0,1.0,0.0,0.0,0.0,0.0,0.0,0.0,0.0,0.0,0.0,0.0,0.0,0.0,0.0,0.0,0.0,0.0,0.0
50,50,550,2014,86.9222988805716,3.0,1.0,19.591786872227832,0.9509954805555,4.028171519444999,14.3301594611155,1.978941072222166,0.3252479333333333,33.9158509472223,1.048137433333333,10.753008161116668,3.0,0.0,1.0,4.0,0.0,0.0,14.0,0.0,3.0,1.0,0.0,0.0,0.0,1.0,0.0,1.0,0.0,1.0
51,51,1300,2014,0.2231202861111666,0.0,0.0,0.1793689,0.0,0.0437513361111666,0.0,0.0,0.0,0.0,0.0,0.0,0.0,0.0,0.0,0.0,0.0,0.0,0.0,0.0,0.0,0.0,0.0,0.0,0.0,0.0,0.0,0.0,0.0,0.0
52,52,90,2014,58.8554492360881,11.0,0.0,24.667023074982165,0.0,2.0952453611105,0.0,0.0,0.0,0.1043825277778333,0.0,31.988798272217664,9.0,0.0,0.0,0.0,0.0,0.0,0.0,0.0,11.0,1.0,0.0,0.0,0.0,0.0,0.0,0.0,0.0,0.0
53,53,584,2014,0.718792063889999,0.0,0.0,0.0,0.0,0.379200177778333,0.0,0.0,0.3395918861116666,0.0,0.0,0.0,0.0,0.0,0.0,0.0,0.0,0.0,0.0,0.0,0.0,0.0,0.0,0.0,0.0,0.0,0.0,0.0,0.0,0.0
54,54,431,2014,118.0773644305221,11.0,0.0,36.4997636027555,0.0,3.4293502944445,3.907451038888333,15.274721752766668,0.0,22.4486381666721,0.0,36.517439574995,9.0,0.0,1.0,3.0,5.0,0.0,14.0,0.0,11.0,1.0,0.0,0.0,0.0,0.0,0.0,0.0,0.0,0.0
55,55,51,2014,36.41807896666,3.0,0.0,28.057580108321662,0.0,1.270231741666666,0.0,0.0,0.0,0.0,0.0,7.090267116671667,9.0,0.0,0.0,0.0,0.0,0.0,0.0,0.0,3.0,1.0,0.0,0.0,0.0,0.0,0.0,0.0,0.0,0.0
56,56,1214,2014,0.2137087166666666,0.0,0.0,0.0,0.0,0.2137087166666666,0.0,0.0,0.0,0.0,0.0,0.0,0.0,0.0,0.0,0.0,0.0,0.0,0.0,0.0,0.0,0.0,0.0,0.0,0.0,0.0,0.0,0.0,0.0,0.0
57,57,309,2014,66.2634324944628,7.0,1.0,12.756554950002664,0.0,4.65069342778,0.0,19.294917697231664,0.0,8.792479786114502,0.0,20.76878663333,3.0,0.0,0.0,0.0,5.0,0.0,2.0,0.0,7.0,1.0,0.0,0.0,0.0,1.0,0.0,0.0,0.0,1.0
58,58,537,2014,52.5175073222378,11.0,1.0,20.10504372778333,0.0,1.467420511110499,0.0,11.999529291666166,0.0,0.0,0.0,18.945513791677836,9.0,0.0,1.0,0.0,8.0,0.0,0.0,0.0,11.0,1.0,0.0,0.0,0.0,0.0,0.0,0.0,0.0,1.0
59,59,206,2014,117.6965168249928,11.0,1.0,29.71645470554001,0.2069382611116666,3.671453702771666,5.803692550007333,27.78722461388,0.0,29.522857405556667,0.0,20.9878955861255,9.0,0.0,1.0,2.0,9.0,0.0,14.0,0.0,11.0,1.0,0.0,0.0,0.0,0.0,0.0,1.0,0.0,1.0
60,60,18,2014,32.7802364222326,0.0,0.0,30.129747941678332,0.0,1.776128283332666,0.0,0.0,0.0,0.0,0.0,0.874360197221666,6.0,0.0,0.0,0.0,0.0,0.0,0.0,0.0,0.0,1.0,0.0,0.0,0.0,0.0,0.0,0.0,0.0,0.0
61,61,582,2014,97.8354063472083,11.0,1.0,24.890993708333838,0.0,6.428711700001168,0.0,26.64530021388333,0.0,11.52654913055,0.0,28.34385159444,9.0,0.0,1.0,0.0,9.0,0.0,4.0,0.0,11.0,1.0,0.0,0.0,0.0,1.0,0.0,0.0,0.0,1.0
62,62,882,2014,0.604366924999999,0.0,0.0,0.2718331,0.0,0.3325338249999999,0.0,0.0,0.0,0.0,0.0,0.0,0.0,0.0,0.0,0.0,0.0,0.0,0.0,0.0,0.0,0.0,0.0,0.0,0.0,0.0,0.0,0.0,0.0,0.0
63,63,954,2014,0.711142952778333,0.0,0.0,0.0,0.0,0.711142952778333,0.0,0.0,0.0,0.0,0.0,0.0,0.0,0.0,0.0,0.0,0.0,0.0,0.0,0.0,0.0,0.0,0.0,0.0,0.0,0.0,0.0,0.0,0.0,0.0
64,64,368,2014,119.2730349694533,11.0,1.0,26.1976623805445,0.0,6.357642258334335,20.7301761166666,18.70687668888,0.0,26.494910475001166,0.0,20.785767050026667,8.0,0.0,2.0,8.0,9.0,0.0,14.0,0.0,11.0,1.0,0.0,0.0,0.0,1.0,0.0,1.0,0.0,1.0
65,65,864,2014,0.885493141666666,0.0,0.0,0.341907163888333,0.0,0.543585977778333,0.0,0.0,0.0,0.0,0.0,0.0,0.0,0.0,0.0,0.0,0.0,0.0,0.0,0.0,0.0,0.0,0.0,0.0,0.0,0.0,0.0,0.0,0.0,0.0
66,66,576,2014,64.7444308194448,11.0,0.0,41.6003263916566,0.0,0.666876172221666,0.0,1.665016769443833,0.0,0.0,0.0,20.8122114861226,7.0,0.0,1.0,0.0,0.0,0.0,0.0,0.0,11.0,1.0,0.0,0.0,0.0,0.0,0.0,0.0,0.0,0.0
67,67,10,2014,113.1087138444563,7.0,1.0,32.16125426944,0.0,3.677138061110499,0.0,28.330274144455664,0.0,17.1846221555735,0.0,31.755425213872662,4.0,0.0,0.0,0.0,8.0,0.0,4.0,0.0,7.0,1.0,0.0,0.0,0.0,1.0,0.0,0.0,0.0,1.0
68,68,329,2014,41.3122033583216,0.0,0.0,39.85085331665,0.0,1.461350041667666,0.0,0.0,0.0,0.0,0.0,0.0,9.0,0.0,0.0,0.0,0.0,0.0,0.0,0.0,0.0,0.0,0.0,0.0,0.0,0.0,0.0,0.0,0.0,0.0
69,69,1142,2014,2.0847654861105,0.0,0.0,2.038949697221666,0.0,0.0458157888888333,0.0,0.0,0.0,0.0,0.0,0.0,0.0,0.0,0.0,0.0,0.0,0.0,0.0,0.0,0.0,0.0,0.0,0.0,0.0,0.0,0.0,0.0,0.0,0.0
70,70,195,2014,159.6637193472854,9.0,1.0,39.6222695611283,2.198350177783333,4.580673977778333,17.040384411129498,9.520185136112168,0.0,45.2119953861161,0.0,41.4898606972376,9.0,1.0,1.0,6.0,0.0,0.0,10.0,0.0,9.0,1.0,0.0,0.0,0.0,1.0,0.0,1.0,0.0,1.0
71,71,140,2014,86.8979361166716,0.0,0.0,83.52088900556,0.0,3.049461733333333,0.0,0.0,0.0,0.327585377778333,0.0,0.0,7.0,0.0,0.0,0.0,0.0,0.0,0.0,0.0,0.0,0.0,0.0,0.0,0.0,0.0,0.0,0.0,0.0,0.0
72,72,223,2014,70.8203925972381,5.0,1.0,13.849546386106669,0.0,2.660768888887166,13.240456441671666,13.877620424994332,0.0,9.775595466672833,0.0,17.4164049889055,4.0,0.0,0.0,7.0,5.0,0.0,5.0,0.0,5.0,1.0,0.0,0.0,0.0,0.0,0.0,0.0,0.0,1.0
73,73,1204,2014,12.068653330553833,0.0,0.0,11.732702305553332,0.0,0.3359510250005,0.0,0.0,0.0,0.0,0.0,0.0,4.0,0.0,0.0,0.0,0.0,0.0,0.0,0.0,0.0,0.0,0.0,0.0,0.0,0.0,0.0,0.0,0.0,0.0
74,74,198,2014,313.7220930833003,11.0,1.0,85.3274235166488,1.368803247221666,7.97609145556,3.845014202777667,34.285640563871176,0.0,54.4125989611181,10.734904455545,115.7716166805578,9.0,0.0,1.0,1.0,9.0,0.0,13.0,3.0,11.0,1.0,0.0,0.0,0.0,1.0,0.0,1.0,0.0,1.0
75,75,1071,2014,0.72729594444,0.0,0.0,0.4875858583333333,0.0,0.2397100861116666,0.0,0.0,0.0,0.0,0.0,0.0,0.0,0.0,0.0,0.0,0.0,0.0,0.0,0.0,0.0,0.0,0.0,0.0,0.0,0.0,0.0,0.0,0.0,0.0
76,76,322,2014,19.95146955000017,0.0,0.0,17.54962051944,0.0,0.50470346944,0.0,0.0,0.0,0.0,0.0,1.897145561111166,9.0,0.0,0.0,0.0,0.0,0.0,0.0,0.0,0.0,1.0,0.0,0.0,0.0,0.0,0.0,0.0,0.0,0.0
77,77,323,2014,120.1913600055796,11.0,1.0,24.6633367833345,0.3141329194445,3.990907102778999,21.509701422234503,18.254583461103334,0.0,26.249711786128337,0.0,25.208986530555496,9.0,0.0,1.0,8.0,9.0,0.0,14.0,0.0,11.0,1.0,0.0,0.0,1.0,1.0,0.0,1.0,0.0,1.0
78,78,752,2014,0.509919602777833,0.0,0.0,0.0531217777778333,0.0,0.456797825,0.0,0.0,0.0,0.0,0.0,0.0,0.0,0.0,0.0,0.0,0.0,0.0,0.0,0.0,0.0,0.0,0.0,0.0,0.0,0.0,0.0,0.0,0.0,0.0
79,79,504,2014,78.7668250472316,11.0,1.0,20.572987475016664,0.0,2.189615416666667,7.734442769438333,21.58914932499833,0.0,6.200176702778333,0.0,20.4804533583333,9.0,0.0,0.0,6.0,9.0,0.0,2.0,0.0,11.0,1.0,0.0,0.0,0.0,0.0,0.0,0.0,0.0,1.0
80,80,696,2014,19.6757784416666,0.0,0.0,18.754738902778332,0.0,0.921039538888333,0.0,0.0,0.0,0.0,0.0,0.0,4.0,0.0,0.0,0.0,0.0,0.0,0.0,0.0,0.0,0.0,0.0,0.0,0.0,0.0,0.0,0.0,0.0,0.0
81,81,114,2014,0.424709325,0.0,0.0,0.0,0.0,0.424709325,0.0,0.0,0.0,0.0,0.0,0.0,0.0,0.0,0.0,0.0,0.0,0.0,0.0,0.0,0.0,0.0,0.0,0.0,0.0,0.0,0.0,0.0,0.0,0.0
82,82,520,2014,41.6143005777601,1.0,0.0,30.248037483316168,0.0,3.509138083331666,0.496105302777833,0.0,0.0,0.26361639444,0.0,7.0974033138895,5.0,0.0,0.0,0.0,0.0,0.0,0.0,0.0,1.0,1.0,0.0,0.0,0.0,0.0,0.0,0.0,0.0,0.0
83,83,1220,2014,2.320878883333333,0.0,0.0,0.744287166666666,0.0,1.576591716666666,0.0,0.0,0.0,0.0,0.0,0.0,0.0,0.0,0.0,0.0,0.0,0.0,0.0,0.0,0.0,0.0,0.0,0.0,0.0,0.0,0.0,0.0,0.0,0.0
84,84,838,2014,0.0454490583333333,0.0,0.0,0.0,0.0,0.0454490583333333,0.0,0.0,0.0,0.0,0.0,0.0,0.0,0.0,0.0,0.0,0.0,0.0,0.0,0.0,0.0,0.0,0.0,0.0,0.0,0.0,0.0,0.0,0.0,0.0
85,85,3,2014,42.1774496944743,11.0,0.0,20.186583477795004,0.0,0.698577308332666,0.0,1.829819127783333,0.0,0.0,0.0,19.4624697805633,9.0,0.0,1.0,0.0,0.0,0.0,0.0,0.0,11.0,1.0,0.0,0.0,0.0,0.0,0.0,0.0,0.0,0.0
86,86,230,2014,94.2661180639071,10.0,1.0,19.361716808338333,0.516146386111666,3.75715738055,0.0,16.751636141657166,0.0,19.900945925000663,0.0427635138888333,33.9357519083545,4.0,0.0,0.0,0.0,4.0,0.0,11.0,0.0,10.0,1.0,0.0,0.0,0.0,1.0,0.0,0.0,0.0,1.0
87,87,1058,2014,12.993412586118332,0.0,0.0,11.566545930561665,0.0,1.426866655556666,0.0,0.0,0.0,0.0,0.0,0.0,2.0,0.0,0.0,0.0,0.0,0.0,0.0,0.0,0.0,0.0,0.0,0.0,0.0,0.0,0.0,0.0,0.0,0.0
88,88,821,2014,1.77331584444,0.0,0.0,0.1153839888888333,0.0,1.622632605556166,0.0,0.0352992,0.0,0.0,0.0,0.0,0.0,0.0,0.0,0.0,0.0,0.0,0.0,0.0,0.0,0.0,0.0,0.0,0.0,0.0,0.0,0.0,0.0,0.0
89,89,420,2014,54.4155017278206,0.0,0.0,11.725341850005002,5.160118488,1.862063577776666,13.600736608349996,0.0,2.320133366666666,19.6861906222335,0.0609172138888333,0.0,1.0,3.0,2.0,8.0,0.0,4.0,14.0,0.0,0.0,1.0,0.0,0.0,1.0,0.0,0.0,1.0,0.0,0.0
90,90,890,2014,0.2524019861116666,0.0,0.0,0.0,0.0,0.2524019861116666,0.0,0.0,0.0,0.0,0.0,0.0,0.0,0.0,0.0,0.0,0.0,0.0,0.0,0.0,0.0,0.0,0.0,0.0,0.0,0.0,0.0,0.0,0.0,0.0
91,91,1098,2014,157.0179010277968,11.0,1.0,39.0215097805783,0.38952850555,9.258946736116666,13.794124033339168,27.041826872223,0.2664241,39.505022341646175,3.680603163889332,24.059915494449168,9.0,0.0,2.0,4.0,8.0,0.0,14.0,0.0,11.0,0.0,0.0,0.0,0.0,0.0,0.0,1.0,0.0,1.0
92,92,312,2014,50.4809611305705,8.0,0.0,24.21704908334,0.0,1.562030233333833,0.0,1.8582167527795,0.0,0.1880141777783333,0.0,22.655650883338836,9.0,0.0,0.0,0.0,1.0,0.0,0.0,0.0,8.0,0.0,0.0,0.0,0.0,0.0,0.0,0.0,0.0,0.0
93,93,428,2014,302.2401253888618,11.0,1.0,69.3341133499766,0.0,6.509182663887,25.365827519448832,64.7851448805515,0.0,76.0092871277751,0.0,60.236569847222654,9.0,0.0,0.0,6.0,9.0,0.0,14.0,0.0,11.0,1.0,0.0,0.0,0.0,1.0,0.0,1.0,0.0,1.0
94,94,301,2014,82.8859328722211,11.0,1.0,21.3841563777783,0.0,1.983916416666666,8.016321327771667,11.025375813883333,0.0,19.002233472227832,0.0,21.47392946389333,9.0,0.0,0.0,5.0,8.0,0.0,14.0,0.0,11.0,1.0,0.0,0.0,0.0,1.0,0.0,1.0,0.0,1.0
95,95,755,2014,5.389995452776834,1.0,0.0,0.81646048055,0.0,1.5123407694435,0.0,0.0,0.0,0.5880566,0.0,2.473137602778333,0.0,0.0,0.0,0.0,0.0,0.0,0.0,0.0,1.0,0.0,0.0,0.0,0.0,0.0,0.0,0.0,0.0,0.0
96,96,157,2014,65.0951228055733,8.0,0.0,33.3150776000261,0.0,2.7293369111105,0.0,0.0907763916666666,0.0,0.0,0.0,28.95993190277,10.0,0.0,0.0,0.0,0.0,0.0,0.0,0.0,8.0,1.0,0.0,0.0,0.0,0.0,0.0,0.0,0.0,0.0
97,97,315,2014,120.6128898583076,11.0,1.0,26.811031974991668,0.0,1.629649416667166,17.036931166660498,17.606076844438334,0.0,31.834624194433832,0.0,25.694576261116165,9.0,0.0,0.0,8.0,9.0,0.0,13.0,0.0,11.0,1.0,0.0,1.0,1.0,1.0,0.0,1.0,0.0,1.0
98,98,194,2014,133.4056516527711,11.0,1.0,26.353544963884,5.202692416666667,1.1004573000005,13.59067440555,27.025557991675,0.243886486111666,33.405208816662835,0.0350481222221666,26.448581149998336,9.0,1.0,0.0,6.0,9.0,0.0,14.0,0.0,11.0,1.0,0.0,0.0,0.0,1.0,0.0,0.0,0.0,1.0
99,99,1122,2014,0.877604527777166,0.0,0.0,0.0,0.0,0.877604527777166,0.0,0.0,0.0,0.0,0.0,0.0,0.0,0.0,0.0,0.0,0.0,0.0,0.0,0.0,0.0,0.0,0.0,0.0,0.0,0.0,0.0,0.0,0.0,0.0
100,100,12,2014,172.9160348666523,11.0,1.0,49.17527922776733,5.262138905556167,3.614157883333334,13.8481991138895,21.18730673054,4.910355258333333,31.875021483322666,6.74184283055,36.30173343335,9.0,3.0,0.0,7.0,9.0,6.0,14.0,3.0,11.0,1.0,0.0,1.0,0.0,1.0,0.0,1.0,0.0,1.0
101,101,23,2014,173.57741814442,10.0,1.0,17.0980059194326,0.844471433332333,7.830463700000499,41.1817274083228,13.4442140805455,0.243269338888333,37.2873493999995,22.784275655557337,32.86364120834,5.0,0.0,0.0,7.0,1.0,0.0,14.0,4.0,10.0,1.0,0.0,0.0,0.0,1.0,0.0,1.0,0.0,1.0
102,102,562,2014,118.2215204305256,6.0,1.0,0.0,6.232276352783333,7.107087419446667,14.273607619427832,17.924948222222167,4.866038613888334,27.9745694888778,16.290010997221668,23.5529817166578,0.0,3.0,1.0,6.0,9.0,4.0,14.0,5.0,6.0,0.0,0.0,0.0,0.0,1.0,0.0,1.0,0.0,1.0
103,103,339,2014,82.5046887722321,10.0,0.0,41.30730388055101,0.0,0.1909509499999999,0.0,0.0,0.0,0.0,0.0,41.0064339416811,9.0,0.0,0.0,0.0,0.0,0.0,0.0,0.0,10.0,1.0,0.0,0.0,0.0,0.0,0.0,0.0,0.0,0.0
104,104,1047,2014,0.0880752111111666,0.0,0.0,0.0,0.0,0.0880752111111666,0.0,0.0,0.0,0.0,0.0,0.0,0.0,0.0,0.0,0.0,0.0,0.0,0.0,0.0,0.0,0.0,0.0,0.0,0.0,0.0,0.0,0.0,0.0,0.0
105,105,123,2014,23.76332294166,0.0,0.0,18.48932064165,0.0,0.924775030556,0.0,0.0,0.0,0.0,0.0,4.34922726945,8.0,0.0,0.0,0.0,0.0,0.0,0.0,0.0,0.0,0.0,0.0,0.0,0.0,0.0,0.0,0.0,0.0,0.0
106,106,60,2014,29.753179758337662,5.0,0.0,17.026616686104997,0.0,2.702491969444333,0.0,0.329070163888333,0.0,0.0,0.0,9.695000938,7.0,0.0,0.0,0.0,0.0,0.0,0.0,0.0,5.0,0.0,0.0,0.0,0.0,0.0,0.0,0.0,0.0,0.0
107,107,328,2014,143.6295416777466,9.0,1.0,26.044620272220502,0.0,8.415474036110165,21.403461147221,17.6721553111005,0.0,27.500161102754497,11.77601394444,30.81765586389501,7.0,0.0,2.0,8.0,9.0,0.0,14.0,3.0,9.0,1.0,0.0,0.0,0.0,1.0,0.0,1.0,0.0,1.0
108,108,390,2014,110.0844277888978,0.0,0.0,3.366664041671666,0.0573068416666666,3.5293586805535,3.897146797222833,50.6046944027855,0.0,47.773882786109326,0.0,0.855374238888333,0.0,0.0,0.0,0.0,5.0,0.0,12.0,0.0,0.0,0.0,0.0,0.0,0.0,1.0,0.0,0.0,0.0,0.0
109,109,45,2014,65.5562273027888,4.0,0.0,43.9091150305666,0.0,2.426446622221666,0.0,0.0,0.0,0.0,0.0,19.220665650000495,9.0,0.0,0.0,0.0,0.0,0.0,0.0,0.0,4.0,1.0,0.0,0.0,0.0,0.0,0.0,0.0,0.0,0.0
110,110,1020,2014,0.803192519443833,0.0,0.0,0.0,0.0,0.762684855555,0.0,0.0405076638888333,0.0,0.0,0.0,0.0,0.0,0.0,0.0,0.0,0.0,0.0,0.0,0.0,0.0,0.0,0.0,0.0,0.0,0.0,0.0,0.0,0.0,0.0
111,111,145,2014,127.8161665916656,11.0,1.0,31.331133088882837,0.0,2.443413833332667,11.191175725000166,20.286499811124333,0.509094091666666,23.2493256416611,0.0,38.80552439999784,9.0,0.0,1.0,6.0,8.0,2.0,14.0,0.0,11.0,1.0,0.0,1.0,1.0,1.0,0.0,1.0,0.0,1.0
112,112,626,2014,1.572903200001666,0.0,0.0,0.0,0.0,0.364140516666666,0.0,0.0,0.0,1.20876268333,0.0,0.0,0.0,0.0,0.0,0.0,0.0,0.0,0.0,0.0,0.0,0.0,0.0,0.0,0.0,0.0,0.0,0.0,0.0,0.0
113,113,1243,2014,1.048523938888333,0.0,0.0,0.0,0.0,1.048523938888333,0.0,0.0,0.0,0.0,0.0,0.0,0.0,0.0,0.0,0.0,0.0,0.0,0.0,0.0,0.0,0.0,0.0,0.0,0.0,0.0,0.0,0.0,0.0,0.0
114,114,1253,2014,2.703917191668333,0.0,0.0,2.703917191668333,0.0,0.0,0.0,0.0,0.0,0.0,0.0,0.0,0.0,0.0,0.0,0.0,0.0,0.0,0.0,0.0,0.0,0.0,0.0,0.0,0.0,0.0,0.0,0.0,0.0,0.0
115,115,354,2014,128.3166950416888,9.0,1.0,1.06178216944,0.1647989416666666,8.898551536112166,34.3499929389188,28.92756359443833,0.0,32.37329016666,0.0,22.5407156944428,0.0,0.0,2.0,8.0,9.0,0.0,14.0,0.0,9.0,0.0,0.0,0.0,0.0,1.0,0.0,1.0,0.0,1.0
116,116,525,2014,87.3643403472511,11.0,1.0,0.0,0.0,3.118727658333833,0.0,28.620966211117835,0.0,35.431955750021174,0.0,20.19269072777833,0.0,0.0,1.0,0.0,9.0,0.0,14.0,0.0,11.0,1.0,0.0,0.0,0.0,1.0,0.0,0.0,0.0,1.0
117,117,620,2014,82.8025837860941,5.0,0.0,34.1305881916666,1.600893608333333,1.610778127776666,5.520486505562333,12.400371219437831,1.393662219445,12.765483297205169,0.0,13.380320616667166,9.0,3.0,0.0,4.0,7.0,2.0,12.0,0.0,5.0,1.0,0.0,0.0,0.0,0.0,0.0,0.0,0.0,0.0
118,118,760,2014,0.850000263888333,0.0,0.0,0.0,0.0,0.850000263888333,0.0,0.0,0.0,0.0,0.0,0.0,0.0,0.0,0.0,0.0,0.0,0.0,0.0,0.0,0.0,0.0,0.0,0.0,0.0,0.0,0.0,0.0,0.0,0.0
119,119,612,2014,57.122121944436174,11.0,0.0,31.386078558326663,0.0,2.680734652778333,0.0,0.0,0.0,0.1390448694445,0.0,22.916263863886677,9.0,0.0,0.0,0.0,0.0,0.0,0.0,0.0,11.0,1.0,0.0,0.0,0.0,0.0,0.0,0.0,0.0,0.0
120,120,892,2014,1.017670547221666,0.0,0.0,0.496428747221666,0.0,0.5212418,0.0,0.0,0.0,0.0,0.0,0.0,0.0,0.0,0.0,0.0,0.0,0.0,0.0,0.0,0.0,0.0,0.0,0.0,0.0,0.0,0.0,0.0,0.0,0.0
121,121,394,2014,234.7084594333138,10.0,1.0,51.3634571389011,8.349261605545001,4.262677611110001,28.997682180568336,28.35753981943333,8.310206227777167,57.9057415888738,0.0,47.1618932611,9.0,3.0,1.0,8.0,9.0,6.0,13.0,0.0,10.0,1.0,0.0,1.0,1.0,1.0,0.0,1.0,0.0,1.0
122,122,165,2014,74.2735757722266,0.0,0.0,72.9391925555611,0.0,1.277653252776666,0.0,0.0,0.0,0.0,0.0,0.0567299638888333,9.0,0.0,0.0,0.0,0.0,0.0,0.0,0.0,0.0,1.0,0.0,0.0,0.0,0.0,0.0,0.0,0.0,0.0
123,123,102,2014,123.1951932777968,11.0,0.0,37.53424831668,0.95122604444,3.414003697222333,11.119662472227336,14.936593269444334,0.303699608333333,24.570231877765664,0.0,30.3655279916788,9.0,0.0,0.0,4.0,9.0,0.0,14.0,0.0,11.0,1.0,0.0,0.0,0.0,0.0,0.0,0.0,0.0,0.0
124,124,1244,2014,0.0,0.0,0.0,0.0,0.0,0.0,0.0,0.0,0.0,0.0,0.0,0.0,0.0,0.0,0.0,0.0,0.0,0.0,0.0,0.0,0.0,0.0,0.0,0.0,0.0,0.0,0.0,0.0,0.0,0.0
125,125,443,2014,105.2194636277861,8.0,1.0,29.79630300834,0.1217887027778333,3.721311502777833,5.161974141661166,22.9492203833381,0.0,26.79801095277,0.0,16.670854936112168,8.0,0.0,0.0,2.0,9.0,0.0,13.0,0.0,8.0,1.0,0.0,0.0,0.0,1.0,0.0,1.0,0.0,1.0
126,126,1121,2014,34.450867011103334,0.0,0.0,32.5162780888816,0.0,1.934588922221666,0.0,0.0,0.0,0.0,0.0,0.0,9.0,0.0,0.0,0.0,0.0,0.0,0.0,0.0,0.0,0.0,0.0,0.0,0.0,0.0,0.0,0.0,0.0,0.0
127,127,740,2014,0.1298598277778333,0.0,0.0,0.0,0.0,0.1298598277778333,0.0,0.0,0.0,0.0,0.0,0.0,0.0,0.0,0.0,0.0,0.0,0.0,0.0,0.0,0.0,0.0,0.0,0.0,0.0,0.0,0.0,0.0,0.0,0.0
128,128,106,2014,38.3307621139038,11.0,0.0,20.2360985611155,0.0,1.387755786111,0.0,0.0,0.0,0.0,0.0,16.706907766677332,9.0,0.0,0.0,0.0,0.0,0.0,0.0,0.0,11.0,1.0,0.0,0.0,0.0,0.0,0.0,0.0,0.0,0.0
129,129,1107,2014,1.227149430556666,0.0,0.0,0.617372113889999,0.0,0.609777316666666,0.0,0.0,0.0,0.0,0.0,0.0,0.0,0.0,0.0,0.0,0.0,0.0,0.0,0.0,0.0,0.0,0.0,0.0,0.0,0.0,0.0,0.0,0.0,0.0
130,130,234,2014,178.8877555639279,10.0,1.0,39.41463396944384,0.0,5.0563165944455,23.270412386104333,23.06399556388884,3.39839501945,51.758114294466665,0.631235833333333,32.2946519027955,9.0,0.0,1.0,6.0,9.0,4.0,14.0,0.0,10.0,1.0,0.0,0.0,0.0,0.0,0.0,0.0,0.0,1.0
131,131,630,2014,58.87317382222668,6.0,1.0,17.12648028056,0.0,2.650926477776666,0.0,9.513185275001169,0.0,4.746341213887167,0.0,24.836240575001664,5.0,0.0,0.0,0.0,3.0,0.0,0.0,0.0,6.0,0.0,0.0,0.0,0.0,0.0,0.0,0.0,0.0,1.0
132,132,1090,2014,0.430496033333333,0.0,0.0,0.0,0.0,0.430496033333333,0.0,0.0,0.0,0.0,0.0,0.0,0.0,0.0,0.0,0.0,0.0,0.0,0.0,0.0,0.0,0.0,0.0,0.0,0.0,0.0,0.0,0.0,0.0,0.0
133,133,148,2014,48.61583668056016,8.0,0.0,22.4341335861,0.0,1.139474124998833,0.1300380694445,0.1900993277783333,0.0,0.0814895166666666,0.0,24.6406020555678,8.0,0.0,0.0,0.0,0.0,0.0,0.0,0.0,8.0,1.0,0.0,0.0,0.0,0.0,0.0,0.0,0.0,0.0
134,134,57,2014,79.18244812779,0.0,0.0,40.6008999166616,0.0,3.774589024999833,0.0473943111111666,34.2864881583526,0.0,0.473076716666666,0.0,0.0,7.0,0.0,1.0,0.0,7.0,0.0,0.0,0.0,0.0,1.0,0.0,0.0,0.0,0.0,0.0,0.0,0.0,0.0
135,135,1040,2014,1.236386677776666,0.0,0.0,0.0,0.0,1.236386677776666,0.0,0.0,0.0,0.0,0.0,0.0,0.0,0.0,0.0,0.0,0.0,0.0,0.0,0.0,0.0,0.0,0.0,0.0,0.0,0.0,0.0,0.0,0.0,0.0
136,136,1019,2014,32.8493473444331,0.0,0.0,31.4175382361,0.0,1.156994813888833,0.1126045472221666,0.0,0.0,0.0,0.0,0.1622097472221666,6.0,0.0,0.0,0.0,0.0,0.0,0.0,0.0,0.0,0.0,0.0,0.0,0.0,0.0,0.0,0.0,0.0,0.0
137,137,675,2014,0.502743616666666,0.0,0.0,0.0,0.0,0.502743616666666,0.0,0.0,0.0,0.0,0.0,0.0,0.0,0.0,0.0,0.0,0.0,0.0,0.0,0.0,0.0,0.0,0.0,0.0,0.0,0.0,0.0,0.0,0.0,0.0
138,138,85,2014,142.0760848333291,11.0,1.0,36.270269497224994,0.0,4.500603252779999,14.11877154168,23.423518669427832,0.0,30.510910822210665,0.0,33.2520110500016,9.0,0.0,1.0,6.0,9.0,0.0,14.0,0.0,11.0,1.0,0.0,1.0,1.0,1.0,0.0,1.0,0.0,1.0
139,139,1083,2014,0.3919974277778333,0.0,0.0,0.0,0.0,0.1375182611111666,0.0,0.0,0.0,0.254479166666666,0.0,0.0,0.0,0.0,0.0,0.0,0.0,0.0,0.0,0.0,0.0,0.0,0.0,0.0,0.0,0.0,0.0,0.0,0.0,0.0
140,140,1011,2014,0.0,0.0,0.0,0.0,0.0,0.0,0.0,0.0,0.0,0.0,0.0,0.0,0.0,0.0,0.0,0.0,0.0,0.0,0.0,0.0,0.0,0.0,0.0,0.0,0.0,0.0,0.0,0.0,0.0,0.0
141,141,1139,2014,43.21812450556333,2.0,0.0,27.683642008346663,0.0,3.165086552771666,0.0,0.0,0.0,0.0,0.0,12.36939594444,9.0,0.0,0.0,0.0,0.0,0.0,0.0,0.0,2.0,0.0,0.0,0.0,0.0,0.0,0.0,0.0,0.0,0.0
142,142,440,2014,69.9689878111304,8.0,0.0,38.75566956667,0.0,1.360672280556666,0.0,0.0,0.0,0.0,0.0,29.852645963903832,9.0,0.0,0.0,0.0,0.0,0.0,0.0,0.0,8.0,1.0,0.0,0.0,0.0,0.0,0.0,0.0,0.0,0.0
143,143,1111,2014,25.398992099996665,2.0,0.0,15.1801503888855,0.0,1.788480930556166,0.0,0.0,0.0,0.0,0.0,8.430360780554999,5.0,0.0,0.0,0.0,0.0,0.0,0.0,0.0,2.0,0.0,0.0,0.0,0.0,0.0,0.0,0.0,0.0,0.0
144,144,25,2014,49.96180211386066,4.0,0.0,33.12419424164,0.0,1.286955227777166,0.0,0.0,0.0,0.0,0.0,15.5506526444395,9.0,0.0,0.0,0.0,0.0,0.0,0.0,0.0,4.0,0.0,0.0,0.0,0.0,0.0,0.0,0.0,0.0,0.0
145,145,367,2014,57.5033357611171,11.0,0.0,22.882373502780503,0.0,1.118833219445,0.0,1.27666365555,0.0,0.0,0.0,32.2254653833366,9.0,0.0,0.0,0.0,1.0,0.0,0.0,0.0,11.0,0.0,0.0,0.0,0.0,0.0,0.0,0.0,0.0,0.0
146,146,160,2014,53.99199323889784,9.0,0.0,21.790133697220003,0.0,2.024134536112333,5.210807888888334,3.341868355556166,0.0,0.0,0.0,21.625048761121,9.0,0.0,1.0,2.0,1.0,0.0,0.0,0.0,9.0,1.0,0.0,0.0,0.0,0.0,0.0,0.0,0.0,0.0
147,147,1118,2014,3.181170733334499,0.0,0.0,0.0,0.0,1.528758211111666,0.0,1.652412522222833,0.0,0.0,0.0,0.0,0.0,0.0,0.0,0.0,1.0,0.0,0.0,0.0,0.0,0.0,0.0,0.0,0.0,0.0,0.0,0.0,0.0,0.0
148,148,1108,2014,0.749479588888333,0.0,0.0,0.0,0.0,0.749479588888333,0.0,0.0,0.0,0.0,0.0,0.0,0.0,0.0,0.0,0.0,0.0,0.0,0.0,0.0,0.0,0.0,0.0,0.0,0.0,0.0,0.0,0.0,0.0,0.0
149,149,92,2014,117.0668359555543,11.0,1.0,27.734835849993328,0.0,5.387889899998835,17.9685675444555,16.718333338883333,0.0,19.855685013888333,0.0,29.401524308335,9.0,0.0,0.0,8.0,9.0,0.0,14.0,0.0,11.0,1.0,0.0,1.0,1.0,1.0,0.0,1.0,0.0,1.0
150,150,335,2014,87.55450418055,11.0,1.0,34.770162255561175,0.0,1.202681311111833,0.0,24.29748970555,0.0,0.0,0.0,27.284170908329,9.0,0.0,0.0,0.0,9.0,0.0,0.0,0.0,11.0,1.0,0.0,0.0,0.0,0.0,0.0,0.0,0.0,1.0
151,151,275,2014,122.0247465833263,11.0,1.0,30.31616146945,0.0,2.9967188138885,15.428436683329334,13.11737204444,0.0,22.05453214167,0.0,38.1115254305384,9.0,0.0,0.0,8.0,9.0,0.0,14.0,0.0,11.0,1.0,0.0,0.0,0.0,1.0,0.0,1.0,0.0,1.0
152,152,800,2014,0.0,0.0,0.0,0.0,0.0,0.0,0.0,0.0,0.0,0.0,0.0,0.0,0.0,0.0,0.0,0.0,0.0,0.0,0.0,0.0,0.0,0.0,0.0,0.0,0.0,0.0,0.0,0.0,0.0,0.0
153,153,617,2014,219.4298927638658,8.0,1.0,71.0294395138828,0.0,4.569288086111167,0.30791820555,40.6928509138645,0.0,48.578878669449495,0.0,54.2515173750028,9.0,0.0,0.0,0.0,5.0,0.0,13.0,0.0,8.0,1.0,0.0,0.0,0.0,1.0,0.0,0.0,0.0,1.0
154,154,161,2014,82.00832177777,10.0,1.0,13.359137686113334,3.930359302783333,5.613038961110001,12.459943699988331,12.035571169453332,3.636655122221666,15.270741794451164,0.0,15.702874041653834,5.0,3.0,1.0,8.0,8.0,7.0,12.0,0.0,10.0,1.0,0.0,1.0,1.0,1.0,0.0,1.0,0.0,1.0
155,155,101,2014,111.5478047944265,11.0,0.0,34.2546858499888,0.0,2.838400572222666,0.0,14.519013069451669,0.0,0.0,0.0,59.9357053027633,6.0,0.0,1.0,0.0,3.0,0.0,0.0,0.0,11.0,0.0,0.0,0.0,0.0,0.0,0.0,0.0,0.0,0.0
156,156,187,2014,111.4558233861408,9.0,1.0,23.935135033332337,5.8059274194445,1.762211644445666,3.721979527783333,22.020508947240504,0.0,36.8146417499945,0.0,17.395419063,6.0,1.0,0.0,1.0,7.0,0.0,13.0,0.0,9.0,1.0,0.0,0.0,0.0,0.0,0.0,0.0,0.0,1.0
157,157,1021,2014,0.05096405,0.0,0.0,0.0,0.0,0.05096405,0.0,0.0,0.0,0.0,0.0,0.0,0.0,0.0,0.0,0.0,0.0,0.0,0.0,0.0,0.0,0.0,0.0,0.0,0.0,0.0,0.0,0.0,0.0,0.0
158,158,541,2014,108.5318540277346,4.0,1.0,20.05197824445,5.808719550000001,3.404765647221166,20.101910755532334,12.087791513883332,7.172720602771666,25.137404499986665,0.402571913888333,14.363991300001167,4.0,3.0,1.0,7.0,1.0,5.0,13.0,0.0,4.0,1.0,0.0,1.0,1.0,1.0,0.0,1.0,0.0,1.0
159,159,495,2014,73.3471765888676,11.0,1.0,27.526078874977664,0.0,1.976511347221666,0.0,17.323436386113332,0.0,0.0940176333333333,0.0,26.427132347221672,9.0,0.0,0.0,0.0,5.0,0.0,0.0,0.0,11.0,1.0,0.0,0.0,0.0,0.0,0.0,0.0,0.0,1.0
160,160,500,2014,12.63634601112,0.0,0.0,10.970471180567332,0.456338472221666,1.20953635833,0.0,0.0,0.0,0.0,0.0,0.0,2.0,0.0,0.0,0.0,0.0,0.0,0.0,0.0,0.0,0.0,0.0,0.0,0.0,0.0,0.0,0.0,0.0,0.0
161,161,577,2014,68.3378249999956,10.0,0.0,31.7147802583323,0.0,1.183884780556666,0.0,0.0,0.0,0.0,0.0,35.4391599611066,9.0,0.0,0.0,0.0,0.0,0.0,0.0,0.0,10.0,1.0,0.0,0.0,0.0,0.0,0.0,0.0,0.0,0.0
162,162,591,2014,39.423077333314666,10.0,0.0,18.780132880538837,0.0,3.727515674998666,0.0,0.245900475,0.0,0.0,0.0,16.669528302777167,7.0,0.0,0.0,0.0,0.0,0.0,0.0,0.0,10.0,1.0,0.0,0.0,0.0,0.0,0.0,0.0,0.0,0.0
163,163,185,2014,70.4062899221978,10.0,0.0,31.731858086094995,0.0,0.285741958333333,0.0,1.336128752776666,0.0,0.0,0.0,37.0525611249928,9.0,0.0,0.0,0.0,1.0,0.0,0.0,0.0,10.0,0.0,0.0,0.0,0.0,0.0,0.0,0.0,0.0,0.0
164,164,599,2014,15.437106438888334,0.0,0.0,10.9575653388895,2.685700513888333,1.793840586110499,0.0,0.0,0.0,0.0,0.0,0.0,1.0,1.0,0.0,0.0,0.0,0.0,0.0,0.0,0.0,0.0,0.0,0.0,0.0,0.0,0.0,0.0,0.0,0.0
165,165,227,2014,10.171534830554998,0.0,0.0,0.0,0.0,0.894880783332166,0.0,9.276654047222832,0.0,0.0,0.0,0.0,0.0,0.0,1.0,0.0,3.0,0.0,0.0,0.0,0.0,0.0,0.0,0.0,0.0,1.0,0.0,0.0,0.0,0.0
166,166,441,2014,104.6867132694621,11.0,1.0,23.3374786166683,5.485286450000001,1.890263888887666,2.591838344444499,19.540025550011663,0.0,21.48822950555,0.0,30.353590913900003,9.0,3.0,1.0,2.0,9.0,0.0,14.0,0.0,11.0,1.0,0.0,0.0,0.0,0.0,0.0,0.0,0.0,1.0
167,167,640,2014,36.622412880529495,0.0,0.0,35.17194404164,0.0,1.4504688388895,0.0,0.0,0.0,0.0,0.0,0.0,9.0,0.0,0.0,0.0,0.0,0.0,0.0,0.0,0.0,0.0,0.0,0.0,0.0,0.0,0.0,0.0,0.0,0.0
168,168,181,2014,53.5158120055439,2.0,0.0,40.487400399982825,0.0,2.4216472638895,0.0,0.0,0.0,0.0,0.0,10.606764341671669,9.0,0.0,0.0,0.0,0.0,0.0,0.0,0.0,2.0,0.0,0.0,0.0,0.0,0.0,0.0,0.0,0.0,0.0
169,169,283,2014,126.2989542639143,9.0,1.0,26.0749135999943,0.504733858333333,3.340878994444333,5.680650077778334,29.426375402791667,0.29704185555,37.483698700019495,0.0,23.490661774997832,9.0,0.0,0.0,2.0,9.0,0.0,14.0,0.0,9.0,1.0,0.0,0.0,0.0,1.0,0.0,1.0,0.0,1.0
170,170,702,2014,1.941443547223333,0.0,0.0,1.113683255556666,0.0,0.1524321,0.0,0.675328191666666,0.0,0.0,0.0,0.0,0.0,0.0,0.0,0.0,0.0,0.0,0.0,0.0,0.0,0.0,0.0,0.0,0.0,0.0,0.0,0.0,0.0,0.0
171,171,712,2014,46.3204099944606,0.0,0.0,38.16977384446,0.0874110083333333,1.928102797221833,0.0,0.64766830555,0.0,5.431294580557166,0.0,0.0561594583333333,5.0,0.0,0.0,0.0,0.0,0.0,1.0,0.0,0.0,0.0,0.0,0.0,0.0,0.0,0.0,0.0,0.0,0.0
172,172,639,2014,51.381457075012335,11.0,1.0,18.705965649996664,0.0,1.358763325001166,0.0,13.67125317778,0.0,0.0,0.0,17.6454749222295,5.0,0.0,0.0,0.0,7.0,0.0,0.0,0.0,11.0,1.0,0.0,0.0,0.0,0.0,0.0,0.0,0.0,1.0
173,173,839,2014,0.2264509166666666,0.0,0.0,0.0,0.0,0.2264509166666666,0.0,0.0,0.0,0.0,0.0,0.0,0.0,0.0,0.0,0.0,0.0,0.0,0.0,0.0,0.0,0.0,0.0,0.0,0.0,0.0,0.0,0.0,0.0,0.0
174,174,1161,2014,1.463539286111666,0.0,0.0,1.291336661111666,0.0,0.172202625,0.0,0.0,0.0,0.0,0.0,0.0,0.0,0.0,0.0,0.0,0.0,0.0,0.0,0.0,0.0,0.0,0.0,0.0,0.0,0.0,0.0,0.0,0.0,0.0
175,175,969,2014,0.416115038888333,0.0,0.0,0.0,0.0,0.416115038888333,0.0,0.0,0.0,0.0,0.0,0.0,0.0,0.0,0.0,0.0,0.0,0.0,0.0,0.0,0.0,0.0,0.0,0.0,0.0,0.0,0.0,0.0,0.0,0.0
176,176,231,2014,52.386865063890994,6.0,1.0,30.5027448833428,0.0,1.077198666666166,0.0,2.520531830556666,0.0,0.0,0.0,18.286389683325336,8.0,0.0,0.0,0.0,1.0,0.0,0.0,0.0,6.0,1.0,0.0,0.0,0.0,0.0,0.0,0.0,0.0,1.0
177,177,672,2014,11.572675244456663,0.0,0.0,11.025727061123332,0.0,0.546948183333333,0.0,0.0,0.0,0.0,0.0,0.0,4.0,0.0,0.0,0.0,0.0,0.0,0.0,0.0,0.0,0.0,0.0,0.0,0.0,0.0,0.0,0.0,0.0,0.0
178,178,273,2014,145.7031029999698,9.0,1.0,34.9732742360954,0.384991183333333,6.449144238887167,0.890862844443333,40.4956971972276,0.0,40.7016439138745,0.0966343,21.71085508610833,10.0,0.0,0.0,0.0,8.0,0.0,14.0,0.0,9.0,1.0,0.0,0.0,0.0,0.0,0.0,0.0,0.0,1.0
179,179,327,2014,35.709039722206164,0.0,0.0,31.78239605276,0.0,2.174622444446166,0.0,0.0,0.0,0.0,0.0,1.752021225,9.0,0.0,0.0,0.0,0.0,0.0,0.0,0.0,0.0,1.0,0.0,0.0,0.0,0.0,0.0,0.0,0.0,0.0
180,180,131,2014,78.9658892472483,4.0,1.0,44.52690727224,0.0,2.459575469443833,0.0,4.120024958333333,0.0,0.0,0.0,27.85938154723117,9.0,0.0,0.0,0.0,2.0,0.0,0.0,0.0,4.0,1.0,0.0,0.0,0.0,0.0,0.0,0.0,0.0,1.0
181,181,186,2014,162.6511095944419,12.0,1.0,46.713360630534495,0.0,2.950751580553666,13.410743944437664,23.5386128416705,0.0,34.616594283316665,0.0,41.42104631392,10.0,0.0,0.0,6.0,9.0,0.0,14.0,0.0,12.0,1.0,0.0,0.0,0.0,1.0,0.0,1.0,0.0,1.0
182,182,855,2014,4.050035127777167,0.0,0.0,3.080282697222166,0.0,0.969752430554999,0.0,0.0,0.0,0.0,0.0,0.0,0.0,0.0,0.0,0.0,0.0,0.0,0.0,0.0,0.0,0.0,0.0,0.0,0.0,0.0,0.0,0.0,0.0,0.0
183,183,254,2014,167.2457446305734,10.0,1.0,38.34224798055,0.0,3.141505527776834,0.552366158333333,28.5661743722333,0.0,37.6793165416793,0.0,58.964134049996666,0.0,0.0,0.0,0.0,9.0,0.0,14.0,0.0,10.0,1.0,0.0,0.0,0.0,1.0,0.0,0.0,0.0,1.0
184,184,895,2014,8.256003188893333,1.0,0.0,5.22332566945,0.0,1.68071000555,0.0,0.0645252527778333,0.0,0.0,0.0,1.287442261110499,3.0,0.0,0.0,0.0,0.0,0.0,0.0,0.0,1.0,0.0,0.0,0.0,0.0,0.0,0.0,0.0,0.0,0.0
185,185,245,2014,124.19838446389,11.0,1.0,30.82982055834,0.0,7.098241038887666,7.239568533327832,16.276815344449503,0.0,25.48875182221333,0.0,37.26518716667167,9.0,0.0,0.0,4.0,9.0,0.0,14.0,0.0,11.0,1.0,0.0,0.0,0.0,1.0,0.0,1.0,0.0,1.0
186,186,1085,2014,0.3602243222228333,0.0,0.0,0.0,0.0,0.1354405444445,0.0,0.0,0.0,0.2247837777783333,0.0,0.0,0.0,0.0,0.0,0.0,0.0,0.0,0.0,0.0,0.0,0.0,0.0,0.0,0.0,0.0,0.0,0.0,0.0,0.0
187,187,126,2014,76.9598632167008,11.0,1.0,43.4946270028,0.0,3.8795631833335,0.0,3.535344194444,0.0,0.0,0.0,26.05032883611833,9.0,0.0,0.0,0.0,2.0,0.0,0.0,0.0,11.0,1.0,0.0,0.0,0.0,0.0,0.0,0.0,0.0,1.0
188,188,1277,2014,3.0105498249995,0.0,0.0,2.110413752777333,0.0,0.900136072222166,0.0,0.0,0.0,0.0,0.0,0.0,0.0,0.0,0.0,0.0,0.0,0.0,0.0,0.0,0.0,0.0,0.0,0.0,0.0,0.0,0.0,0.0,0.0,0.0
189,189,53,2014,5.821613536116668,0.0,0.0,5.288624002783334,0.0,0.532989533333333,0.0,0.0,0.0,0.0,0.0,0.0,0.0,0.0,0.0,0.0,0.0,0.0,0.0,0.0,0.0,0.0,0.0,0.0,0.0,0.0,0.0,0.0,0.0,0.0
190,190,215,2014,37.1820423194564,0.0,0.0,31.35530428890049,0.0,2.4933161305505,0.0,0.0,0.0,0.0383916388888333,0.0,3.295030261116666,8.0,0.0,0.0,0.0,0.0,0.0,0.0,0.0,0.0,1.0,0.0,0.0,0.0,0.0,0.0,0.0,0.0,0.0
191,191,135,2014,98.6914091527771,9.0,1.0,30.308816011116164,0.0,3.31148110833,0.0,14.983077513878166,0.0,16.272800494434332,0.0,33.815234025014504,8.0,0.0,0.0,0.0,9.0,0.0,5.0,0.0,9.0,1.0,0.0,0.0,0.0,1.0,0.0,0.0,0.0,1.0
192,192,744,2014,15.485209041662666,0.0,0.0,14.789257516662666,0.0,0.695951525,0.0,0.0,0.0,0.0,0.0,0.0,4.0,0.0,0.0,0.0,0.0,0.0,0.0,0.0,0.0,0.0,0.0,0.0,0.0,0.0,0.0,0.0,0.0,0.0
193,193,1286,2014,0.0349851916666666,0.0,0.0,0.0,0.0,0.0349851916666666,0.0,0.0,0.0,0.0,0.0,0.0,0.0,0.0,0.0,0.0,0.0,0.0,0.0,0.0,0.0,0.0,0.0,0.0,0.0,0.0,0.0,0.0,0.0,0.0
194,194,217,2014,35.19592856667,3.0,0.0,28.208793172231832,0.0,1.603221444446166,0.0,0.0,0.0,0.0,0.0,5.383913949999999,9.0,0.0,0.0,0.0,0.0,0.0,0.0,0.0,3.0,1.0,0.0,0.0,0.0,0.0,0.0,0.0,0.0,0.0
195,195,76,2014,1.6664257999995,0.0,0.0,0.0,0.0,1.6664257999995,0.0,0.0,0.0,0.0,0.0,0.0,0.0,0.0,0.0,0.0,0.0,0.0,0.0,0.0,0.0,0.0,0.0,0.0,0.0,0.0,0.0,0.0,0.0,0.0
196,196,281,2014,110.4815229527793,11.0,1.0,38.5335949694449,0.0,5.534620861110334,0.335548677778333,25.1407965861171,0.0,13.133882055549002,0.0,27.803079802779504,9.0,0.0,1.0,0.0,9.0,0.0,12.0,0.0,11.0,1.0,0.0,0.0,0.0,1.0,0.0,0.0,0.0,1.0
197,197,1051,2014,0.2587532138883333,0.0,0.0,0.0,0.0,0.2587532138883333,0.0,0.0,0.0,0.0,0.0,0.0,0.0,0.0,0.0,0.0,0.0,0.0,0.0,0.0,0.0,0.0,0.0,0.0,0.0,0.0,0.0,0.0,0.0,0.0
198,198,282,2014,134.2486401277823,8.0,1.0,37.7153375749938,0.0,5.939123538892334,3.123963683332833,27.098223583351665,0.0,31.09724422499,0.0,29.2747475222166,9.0,0.0,0.0,0.0,8.0,0.0,13.0,0.0,8.0,1.0,0.0,0.0,0.0,1.0,0.0,1.0,0.0,1.0
199,199,1303,2014,13.6679505416645,0.0,0.0,13.459211619442836,0.0,0.2087389222216666,0.0,0.0,0.0,0.0,0.0,0.0,5.0,0.0,0.0,0.0,0.0,0.0,0.0,0.0,0.0,0.0,0.0,0.0,0.0,0.0,0.0,0.0,0.0,0.0
200,200,1211,2014,0.0594069305555,0.0,0.0,0.0,0.0,0.0594069305555,0.0,0.0,0.0,0.0,0.0,0.0,0.0,0.0,0.0,0.0,0.0,0.0,0.0,0.0,0.0,0.0,0.0,0.0,0.0,0.0,0.0,0.0,0.0,0.0
201,201,38,2014,223.68126901665,11.0,1.0,62.345895847228334,0.71635084444,5.690578438889999,1.723457955554999,37.2868187222095,0.0,51.1118964110978,0.0,64.8062707972333,10.0,0.0,1.0,1.0,9.0,0.0,14.0,0.0,11.0,1.0,0.0,0.0,0.0,1.0,0.0,1.0,0.0,1.0
202,202,389,2014,119.9517234861146,11.0,1.0,32.205030874995664,3.502963486111833,1.695014538889999,2.0003676250005,17.0669822666716,0.0491601055555,24.727441430561665,0.0,38.70476315832784,9.0,1.0,0.0,1.0,9.0,0.0,14.0,0.0,11.0,1.0,0.0,0.0,0.0,1.0,0.0,1.0,0.0,1.0
203,203,938,2014,27.624960544459498,0.0,0.0,26.624990238904,0.0,0.999970305555499,0.0,0.0,0.0,0.0,0.0,0.0,9.0,0.0,0.0,0.0,0.0,0.0,0.0,0.0,0.0,0.0,0.0,0.0,0.0,0.0,0.0,0.0,0.0,0.0
204,204,949,2014,3.8675235749995,0.0,0.0,3.305179044443333,0.0,0.562344530556166,0.0,0.0,0.0,0.0,0.0,0.0,1.0,0.0,0.0,0.0,0.0,0.0,0.0,0.0,0.0,0.0,0.0,0.0,0.0,0.0,0.0,0.0,0.0,0.0
205,205,1221,2014,6.616159774993335,0.0,0.0,0.679307572221666,0.0,0.635957341666666,0.0,5.300894861105001,0.0,0.0,0.0,0.0,0.0,0.0,0.0,0.0,1.0,0.0,0.0,0.0,0.0,0.0,0.0,0.0,0.0,0.0,0.0,0.0,0.0,0.0
206,206,869,2014,0.321584325,0.0,0.0,0.0,0.0,0.321584325,0.0,0.0,0.0,0.0,0.0,0.0,0.0,0.0,0.0,0.0,0.0,0.0,0.0,0.0,0.0,0.0,0.0,0.0,0.0,0.0,0.0,0.0,0.0,0.0
207,207,37,2014,218.5676473333235,7.0,1.0,71.2636890277971,4.194819355561666,9.08033841389,17.100916647225503,27.58374401665,2.871025141671667,41.5433532833206,3.229707202772166,41.7000542444286,9.0,3.0,1.0,5.0,9.0,2.0,14.0,5.0,7.0,1.0,0.0,0.0,1.0,1.0,0.0,1.0,0.0,1.0
208,208,155,2014,97.4854405361221,11.0,1.0,29.336926763901666,0.0,2.8116989500005,0.0,18.4618479583166,0.0,22.195098947228328,0.0,24.679867916675,9.0,0.0,0.0,0.0,9.0,0.0,11.0,0.0,11.0,1.0,0.0,0.0,0.0,1.0,0.0,0.0,0.0,1.0
209,209,829,2014,4.516918561111168,0.0,0.0,3.598679077777833,0.0,0.307644577778333,0.0476498388888333,0.0,0.0,0.0391510083333333,0.0,0.523794058332833,0.0,0.0,0.0,0.0,0.0,0.0,0.0,0.0,0.0,0.0,0.0,0.0,0.0,0.0,0.0,0.0,0.0,0.0
210,210,88,2014,40.8636203305651,4.0,0.0,30.565111283338336,0.0,1.2847534,0.0,0.0,0.0,0.0,0.0,9.013755647226834,9.0,0.0,0.0,0.0,0.0,0.0,0.0,0.0,4.0,0.0,0.0,0.0,0.0,0.0,0.0,0.0,0.0,0.0
211,211,972,2014,14.449433611,0.0,0.0,14.108050538878333,0.0,0.3413830722216666,0.0,0.0,0.0,0.0,0.0,0.0,1.0,0.0,0.0,0.0,0.0,0.0,0.0,0.0,0.0,0.0,0.0,0.0,0.0,0.0,0.0,0.0,0.0,0.0
212,212,338,2014,21.088736561117837,0.0,0.0,15.8400967194495,0.0,0.899152969444999,0.0,4.349486872223333,0.0,0.0,0.0,0.0,8.0,0.0,0.0,0.0,1.0,0.0,0.0,0.0,0.0,0.0,0.0,0.0,0.0,0.0,0.0,0.0,0.0,0.0
213,213,770,2014,0.174937725,0.0,0.0,0.0,0.0,0.174937725,0.0,0.0,0.0,0.0,0.0,0.0,0.0,0.0,0.0,0.0,0.0,0.0,0.0,0.0,0.0,0.0,0.0,0.0,0.0,0.0,0.0,0.0,0.0,0.0
214,214,693,2014,18.36627755279,1.0,0.0,16.818990522233335,0.0,0.16938216944,0.0,0.0,0.0,0.0,0.0,1.377904861111666,9.0,0.0,0.0,0.0,0.0,0.0,0.0,0.0,1.0,0.0,0.0,0.0,0.0,0.0,0.0,0.0,0.0,0.0
215,215,579,2014,90.67914503333,11.0,1.0,23.910180436100667,0.0,1.805643877778333,0.727760863888333,22.046703333331664,0.0,26.1863085583321,0.0,16.002547963903833,9.0,0.0,0.0,0.0,9.0,0.0,14.0,0.0,11.0,1.0,0.0,0.0,0.0,1.0,0.0,1.0,0.0,1.0
216,216,277,2014,302.8696082806153,11.0,1.0,75.0208084083538,0.0,8.057906227782668,34.42564444722,52.4062567111155,1.88231095,89.2158943139063,0.0,41.86078722223,9.0,0.0,1.0,8.0,8.0,1.0,13.0,0.0,11.0,1.0,0.0,0.0,0.0,1.0,0.0,1.0,0.0,1.0
217,217,908,2014,1.543480902777166,0.0,0.0,1.168423758333333,0.0,0.0595929055555,0.0,0.3154642388883333,0.0,0.0,0.0,0.0,0.0,0.0,0.0,0.0,0.0,0.0,0.0,0.0,0.0,0.0,0.0,0.0,0.0,0.0,0.0,0.0,0.0,0.0
218,218,257,2014,102.4923721444238,11.0,1.0,17.6412804083283,5.171360305556166,3.043126394443667,3.751282944443333,18.568126347206668,2.904550708328333,24.498958930557333,0.0,26.91368610556,9.0,3.0,0.0,1.0,9.0,2.0,14.0,0.0,11.0,1.0,0.0,0.0,0.0,1.0,0.0,0.0,0.0,1.0
219,219,1041,2014,12.009530283333334,0.0,0.0,10.44340970555,0.0,0.0,1.566120577778333,0.0,0.0,0.0,0.0,0.0,1.0,0.0,0.0,1.0,0.0,0.0,0.0,0.0,0.0,0.0,0.0,0.0,0.0,0.0,0.0,0.0,0.0,0.0
220,220,203,2014,1.660588444444999,0.0,0.0,1.357011866666666,0.0,0.303576577778333,0.0,0.0,0.0,0.0,0.0,0.0,0.0,0.0,0.0,0.0,0.0,0.0,0.0,0.0,0.0,0.0,0.0,0.0,0.0,0.0,0.0,0.0,0.0,0.0
221,221,321,2014,22.514842997220494,8.0,0.0,13.310643988884832,0.0,3.252938494445666,0.0,0.1120276083333333,0.0,1.403244055554999,0.0,4.435988850001666,6.0,0.0,0.0,0.0,0.0,0.0,0.0,0.0,8.0,0.0,0.0,0.0,0.0,0.0,0.0,0.0,0.0,0.0
222,222,859,2014,0.0,0.0,0.0,0.0,0.0,0.0,0.0,0.0,0.0,0.0,0.0,0.0,0.0,0.0,0.0,0.0,0.0,0.0,0.0,0.0,0.0,0.0,0.0,0.0,0.0,0.0,0.0,0.0,0.0,0.0
223,223,74,2014,88.1074607194439,6.0,0.0,59.8624127861,0.0,0.659061744443833,0.0,3.614743961116666,0.0,0.0,0.0,23.9712422277835,9.0,0.0,0.0,0.0,1.0,0.0,0.0,0.0,6.0,0.0,0.0,0.0,0.0,0.0,0.0,0.0,0.0,0.0
224,224,488,2014,1.68686289444,0.0,0.0,1.074231161111666,0.0,0.612631733333333,0.0,0.0,0.0,0.0,0.0,0.0,0.0,0.0,0.0,0.0,0.0,0.0,0.0,0.0,0.0,0.0,0.0,0.0,0.0,0.0,0.0,0.0,0.0,0.0
225,225,280,2014,104.1718796888951,10.0,1.0,28.975332372232337,0.0,3.25144205277,0.0,21.829422024997164,0.0,12.290024577782164,0.0,37.8256586611055,9.0,0.0,0.0,0.0,4.0,0.0,6.0,0.0,10.0,1.0,0.0,0.0,0.0,1.0,0.0,0.0,0.0,1.0
226,226,502,2014,98.5153472694385,11.0,1.0,23.4919739999928,2.825825947222833,2.447966530555667,0.0,21.2256827888878,0.0,27.25371540278,0.0,21.2701825999993,9.0,0.0,0.0,0.0,9.0,0.0,14.0,0.0,11.0,1.0,0.0,0.0,0.0,1.0,0.0,0.0,0.0,1.0
227,227,845,2014,10.213974166668333,0.0,0.0,0.47584891944,5.239660886111666,0.0,0.0,0.0,2.584730886111666,1.913733475,0.0,0.0,0.0,1.0,0.0,0.0,0.0,0.0,1.0,0.0,0.0,0.0,0.0,0.0,0.0,0.0,0.0,0.0,0.0,0.0
228,228,65,2014,38.875096208325495,0.0,0.0,25.8863924305576,0.0,1.400726655556166,0.0,11.587977122211669,0.0,0.0,0.0,0.0,9.0,0.0,0.0,0.0,6.0,0.0,0.0,0.0,0.0,1.0,0.0,0.0,0.0,0.0,0.0,0.0,0.0,0.0
229,229,415,2014,67.6826655055716,11.0,0.0,32.088190016665,1.4722799,0.53948075555,0.0,1.851259569444499,0.0,1.1400098749995,0.0,30.591445388906664,9.0,0.0,0.0,0.0,1.0,0.0,0.0,0.0,11.0,1.0,0.0,0.0,0.0,0.0,0.0,0.0,0.0,0.0
230,230,627,2014,76.8322642472338,11.0,1.0,23.731343433340168,0.0,2.494898444442666,0.654257763888833,24.34400058332833,0.0,0.5609896555555,0.0,25.0467743666783,9.0,0.0,0.0,0.0,6.0,0.0,0.0,0.0,11.0,1.0,0.0,0.0,0.0,0.0,0.0,0.0,0.0,1.0
231,231,935,2014,0.367324991666666,0.0,0.0,0.0,0.0,0.367324991666666,0.0,0.0,0.0,0.0,0.0,0.0,0.0,0.0,0.0,0.0,0.0,0.0,0.0,0.0,0.0,0.0,0.0,0.0,0.0,0.0,0.0,0.0,0.0,0.0
232,232,253,2014,48.0785038833266,11.0,0.0,18.40578883056,0.0,0.738979636111666,0.0,0.473837772221666,0.0,0.0,0.0,28.459897644433333,1.0,0.0,0.0,0.0,0.0,0.0,0.0,0.0,11.0,0.0,0.0,0.0,0.0,0.0,0.0,0.0,0.0,0.0
233,233,261,2014,30.120000180544,5.0,0.0,19.080050755543333,0.0,0.3664103138895,0.0,0.0,0.0,0.0,0.0,10.673539111111165,9.0,0.0,0.0,0.0,0.0,0.0,0.0,0.0,5.0,1.0,0.0,0.0,0.0,0.0,0.0,0.0,0.0,0.0
234,234,308,2014,122.64386885832,11.0,1.0,37.3919283249966,0.0,5.498863100000666,1.332284086111666,15.281162058339502,0.0,30.9944319805338,0.0,32.1451993083416,9.0,0.0,0.0,0.0,5.0,0.0,13.0,0.0,11.0,1.0,0.0,0.0,0.0,1.0,0.0,1.0,0.0,1.0
235,235,311,2014,36.70380981667368,1.0,1.0,17.3312493111,0.0,4.03243731111,0.0,6.464546069456668,0.0,6.710288916666667,0.0,2.165288208333333,4.0,0.0,2.0,0.0,3.0,0.0,0.0,0.0,1.0,1.0,0.0,0.0,0.0,1.0,0.0,0.0,0.0,1.0
236,236,983,2014,4.54997798055,0.0,0.0,1.961780416666666,0.0,1.699816375,0.0,0.888381188888333,0.0,0.0,0.0,0.0,0.0,0.0,0.0,0.0,0.0,0.0,0.0,0.0,0.0,0.0,0.0,0.0,0.0,0.0,0.0,0.0,0.0,0.0
237,237,188,2014,135.7460974888693,11.0,1.0,36.8777524888888,0.0,10.874616269438333,0.0,29.296611836106667,0.0,37.037972147212166,0.0,21.6591447472233,9.0,0.0,3.0,0.0,9.0,0.0,13.0,0.0,11.0,1.0,0.0,0.0,0.0,1.0,0.0,0.0,0.0,1.0
238,238,787,2014,10.429702233338332,0.0,0.0,9.254391711116666,0.0,1.175310522221666,0.0,0.0,0.0,0.0,0.0,0.0,1.0,0.0,0.0,0.0,0.0,0.0,0.0,0.0,0.0,0.0,0.0,0.0,0.0,0.0,0.0,0.0,0.0,0.0
239,239,868,2014,0.3788304444445,0.0,0.0,0.0,0.1409949444445,0.2378355,0.0,0.0,0.0,0.0,0.0,0.0,0.0,0.0,0.0,0.0,0.0,0.0,0.0,0.0,0.0,0.0,0.0,0.0,0.0,0.0,0.0,0.0,0.0,0.0
240,240,861,2014,0.1531200111111666,0.0,0.0,0.0,0.0,0.1531200111111666,0.0,0.0,0.0,0.0,0.0,0.0,0.0,0.0,0.0,0.0,0.0,0.0,0.0,0.0,0.0,0.0,0.0,0.0,0.0,0.0,0.0,0.0,0.0,0.0
241,241,243,2014,89.0393965472116,0.0,0.0,87.1444862694333,0.0,1.23076826944,0.0,0.0,0.0,0.0,0.0,0.664142008333333,9.0,0.0,0.0,0.0,0.0,0.0,0.0,0.0,0.0,0.0,0.0,0.0,0.0,0.0,0.0,0.0,0.0,0.0
242,242,684,2014,1.255717997221666,0.0,0.0,0.987959572221666,0.0,0.267758425,0.0,0.0,0.0,0.0,0.0,0.0,0.0,0.0,0.0,0.0,0.0,0.0,0.0,0.0,0.0,0.0,0.0,0.0,0.0,0.0,0.0,0.0,0.0,0.0
243,243,923,2014,5.979661213887167,0.0,0.0,5.565658408331667,0.0,0.4140028055554999,0.0,0.0,0.0,0.0,0.0,0.0,0.0,0.0,0.0,0.0,0.0,0.0,0.0,0.0,0.0,0.0,0.0,0.0,0.0,0.0,0.0,0.0,0.0,0.0
244,244,469,2014,105.2338297749825,11.0,1.0,22.749288816650505,0.0,5.086709041666834,13.02721723055,20.834646344446167,0.0,23.2741355555595,0.0,20.261832786104502,5.0,0.0,0.0,6.0,8.0,0.0,14.0,0.0,11.0,1.0,0.0,0.0,0.0,0.0,0.0,0.0,0.0,1.0
245,245,34,2014,2.2388905,0.0,0.0,1.671888102778333,0.0,0.567002447221666,0.0,0.0,0.0,0.0,0.0,0.0,0.0,0.0,0.0,0.0,0.0,0.0,0.0,0.0,0.0,0.0,0.0,0.0,0.0,0.0,0.0,0.0,0.0,0.0
246,246,334,2014,25.782818527766672,0.0,0.0,23.588225766656173,0.0,1.167583344443833,0.0,0.0,0.0,0.0,0.0,1.027009416666666,9.0,0.0,0.0,0.0,0.0,0.0,0.0,0.0,0.0,1.0,0.0,0.0,0.0,0.0,0.0,0.0,0.0,0.0
247,247,1017,2014,0.328607366666666,0.0,0.0,0.0,0.0,0.328607366666666,0.0,0.0,0.0,0.0,0.0,0.0,0.0,0.0,0.0,0.0,0.0,0.0,0.0,0.0,0.0,0.0,0.0,0.0,0.0,0.0,0.0,0.0,0.0,0.0
248,248,191,2014,98.1763494111356,11.0,0.0,57.51024274446,0.0,3.509241241666166,0.0,0.3489067111116666,0.0,0.0,0.0,36.8079587138928,9.0,0.0,0.0,0.0,0.0,0.0,0.0,0.0,11.0,0.0,0.0,0.0,0.0,0.0,0.0,0.0,0.0,0.0
249,249,1146,2014,1.759620800001166,0.0,0.0,0.5693984888895,0.0,1.190222311111666,0.0,0.0,0.0,0.0,0.0,0.0,0.0,0.0,0.0,0.0,0.0,0.0,0.0,0.0,0.0,0.0,0.0,0.0,0.0,0.0,0.0,0.0,0.0,0.0
250,250,903,2014,0.252125552778333,0.0,0.0,0.0,0.0,0.252125552778333,0.0,0.0,0.0,0.0,0.0,0.0,0.0,0.0,0.0,0.0,0.0,0.0,0.0,0.0,0.0,0.0,0.0,0.0,0.0,0.0,0.0,0.0,0.0,0.0
251,251,906,2014,6.277293486116666,0.0,0.0,6.235208727783333,0.0,0.0,0.0,0.0,0.0,0.0,0.0,0.0420847583333333,1.0,0.0,0.0,0.0,0.0,0.0,0.0,0.0,0.0,0.0,0.0,0.0,0.0,0.0,0.0,0.0,0.0,0.0
252,252,1012,2014,0.913973544443333,0.0,0.0,0.26576678055,0.0,0.648206763888333,0.0,0.0,0.0,0.0,0.0,0.0,0.0,0.0,0.0,0.0,0.0,0.0,0.0,0.0,0.0,0.0,0.0,0.0,0.0,0.0,0.0,0.0,0.0,0.0
253,253,178,2014,26.4049977277795,0.0,1.0,6.613619469444999,0.0,3.8966192305555,0.0,2.862169822221666,0.0,8.858646088889502,0.0,4.173943116667833,6.0,0.0,1.0,0.0,0.0,0.0,3.0,0.0,0.0,1.0,0.0,0.0,0.0,1.0,0.0,0.0,0.0,1.0
254,254,222,2014,105.646523055555,10.0,1.0,22.9233655444466,0.0,3.368627641665,18.26015051665433,21.283712072233502,0.0813374638888333,18.37117525555,0.0,21.358154561111668,9.0,0.0,1.0,7.0,9.0,0.0,14.0,0.0,10.0,1.0,0.0,1.0,0.0,1.0,0.0,1.0,0.0,1.0
255,255,69,2014,65.77503343608,1.0,0.0,60.952608633307165,0.0,0.747312622221666,0.0,0.0,0.0,0.0917963944445,0.0,3.983315786106666,9.0,0.0,0.0,0.0,0.0,0.0,0.0,0.0,1.0,0.0,0.0,0.0,0.0,0.0,0.0,0.0,0.0,0.0
256,256,152,2014,67.8993313721855,11.0,1.0,26.05943573054,0.0,1.953814758332166,0.0,15.774965677772837,0.0,0.0,0.0,24.1111152055405,7.0,0.0,0.0,0.0,7.0,0.0,0.0,0.0,11.0,1.0,0.0,0.0,0.0,0.0,0.0,0.0,0.0,1.0
257,257,822,2014,1.566791644443333,0.0,0.0,0.0,0.0,0.0,0.0,1.566791644443333,0.0,0.0,0.0,0.0,0.0,0.0,0.0,0.0,1.0,0.0,0.0,0.0,0.0,0.0,0.0,0.0,0.0,0.0,0.0,0.0,0.0,0.0
258,258,419,2014,39.956734608322,5.0,0.0,30.826891963877664,0.0,1.5405978861105,0.0,0.0,0.0,0.0,0.0,7.589244758333833,9.0,0.0,0.0,0.0,0.0,0.0,0.0,0.0,5.0,0.0,0.0,0.0,0.0,0.0,0.0,0.0,0.0,0.0
259,259,719,2014,0.158179875,0.0,0.0,0.0,0.0,0.158179875,0.0,0.0,0.0,0.0,0.0,0.0,0.0,0.0,0.0,0.0,0.0,0.0,0.0,0.0,0.0,0.0,0.0,0.0,0.0,0.0,0.0,0.0,0.0,0.0
260,260,96,2014,124.3228820944568,11.0,1.0,41.1112393083378,0.0,7.346142655556334,0.1161976222221666,16.045705391661166,0.0,23.540755705567168,0.0,36.1628414111121,10.0,0.0,1.0,0.0,7.0,0.0,12.0,0.0,11.0,1.0,0.0,0.0,0.0,0.0,0.0,0.0,0.0,1.0
261,261,174,2014,38.4102524722021,0.0,0.0,33.193129174986666,0.0,1.094401274998833,0.0,0.0,0.0,0.0,0.0,4.122722022216667,9.0,0.0,0.0,0.0,0.0,0.0,0.0,0.0,0.0,1.0,0.0,0.0,0.0,0.0,0.0,0.0,0.0,0.0
262,262,147,2014,20.725810727770835,5.0,1.0,3.569432511105,0.0,1.8730150666665,1.751932402778333,6.034312377777167,0.0,0.1061834,0.0,7.390934969443832,1.0,0.0,0.0,2.0,3.0,0.0,0.0,0.0,5.0,0.0,0.0,0.0,0.0,0.0,0.0,0.0,0.0,1.0
263,263,539,2014,92.9240347527595,11.0,1.0,19.65228972221717,0.0,2.2281469333345,0.0,22.657210599986165,0.0,28.085783113881664,0.0,20.30060438334,5.0,0.0,0.0,0.0,9.0,0.0,14.0,0.0,11.0,1.0,0.0,0.0,0.0,0.0,0.0,0.0,0.0,1.0
264,264,563,2014,158.3388906805801,9.0,1.0,36.53824521666,0.0,6.490722333334832,17.690153991661667,21.5151160055745,0.0,30.24309755001,0.0,45.8615555833321,8.0,0.0,2.0,4.0,6.0,0.0,13.0,0.0,9.0,1.0,0.0,1.0,1.0,1.0,0.0,1.0,0.0,1.0
265,265,959,2014,0.1385273055555,0.0,0.0,0.0,0.0,0.1385273055555,0.0,0.0,0.0,0.0,0.0,0.0,0.0,0.0,0.0,0.0,0.0,0.0,0.0,0.0,0.0,0.0,0.0,0.0,0.0,0.0,0.0,0.0,0.0,0.0
266,266,1132,2014,1.508736949999999,0.0,0.0,0.0,0.0,1.508736949999999,0.0,0.0,0.0,0.0,0.0,0.0,0.0,0.0,0.0,0.0,0.0,0.0,0.0,0.0,0.0,0.0,0.0,0.0,0.0,0.0,0.0,0.0,0.0,0.0
267,267,558,2014,97.0376859250241,11.0,0.0,52.9635123972405,0.0,3.066980958334333,0.0,0.0,0.0,0.0,0.0,41.0071925694493,9.0,0.0,0.0,0.0,0.0,0.0,0.0,0.0,11.0,1.0,0.0,0.0,0.0,0.0,0.0,0.0,0.0,0.0
268,268,24,2014,135.2141220611221,11.0,1.0,32.7419049277833,0.0,4.175159450002334,17.47431296943,27.261610633343498,3.4044791944495,29.035845719427837,0.0,21.120809166676665,9.0,0.0,0.0,8.0,9.0,3.0,14.0,0.0,11.0,1.0,0.0,1.0,1.0,1.0,0.0,1.0,0.0,1.0
269,269,119,2014,42.4752252471918,0.0,0.0,40.7321959749706,0.0,1.743029272221166,0.0,0.0,0.0,0.0,0.0,0.0,3.0,0.0,0.0,0.0,0.0,0.0,0.0,0.0,0.0,0.0,0.0,0.0,0.0,0.0,0.0,0.0,0.0,0.0
270,270,590,2014,55.7385387194266,0.0,0.0,54.5913892222,0.0,1.100176213888333,0.0469732833333333,0.0,0.0,0.0,0.0,0.0,9.0,0.0,0.0,0.0,0.0,0.0,0.0,0.0,0.0,0.0,0.0,0.0,0.0,0.0,0.0,0.0,0.0,0.0
271,271,1130,2014,4.638580702778333,0.0,0.0,4.140058133333333,0.0,0.49852256944,0.0,0.0,0.0,0.0,0.0,0.0,0.0,0.0,0.0,0.0,0.0,0.0,0.0,0.0,0.0,0.0,0.0,0.0,0.0,0.0,0.0,0.0,0.0,0.0
272,272,831,2014,4.060104666666667,0.0,0.0,3.209832066666666,0.0,0.850272599999999,0.0,0.0,0.0,0.0,0.0,0.0,2.0,0.0,0.0,0.0,0.0,0.0,0.0,0.0,0.0,0.0,0.0,0.0,0.0,0.0,0.0,0.0,0.0,0.0
273,273,221,2014,22.9823876527856,0.0,0.0,20.473364477784003,0.0,2.03803926389,0.0,0.0,0.0,0.0,0.0,0.4709839111116666,7.0,0.0,0.0,0.0,0.0,0.0,0.0,0.0,0.0,0.0,0.0,0.0,0.0,0.0,0.0,0.0,0.0,0.0
274,274,256,2014,95.6831108639051,5.0,0.0,50.8370048194595,0.1418476055555,0.798136794443833,7.078096566678334,0.0389070361111666,0.0,13.932408286101166,0.0,22.856709755555663,5.0,0.0,0.0,1.0,0.0,0.0,2.0,0.0,5.0,0.0,0.0,0.0,0.0,0.0,0.0,0.0,0.0,0.0
275,275,1043,2014,0.1181297166666666,0.0,0.0,0.0,0.0,0.1181297166666666,0.0,0.0,0.0,0.0,0.0,0.0,0.0,0.0,0.0,0.0,0.0,0.0,0.0,0.0,0.0,0.0,0.0,0.0,0.0,0.0,0.0,0.0,0.0,0.0
276,276,643,2014,63.7748872222,1.0,0.0,28.3706962305443,0.0,5.119250336107333,0.0,6.132743700004999,0.0,10.436958997222169,0.0,13.715237958322168,5.0,0.0,0.0,0.0,0.0,0.0,0.0,0.0,1.0,0.0,0.0,0.0,0.0,0.0,0.0,0.0,0.0,0.0
277,277,1167,2014,31.2450847916648,0.0,0.0,30.172631441665494,0.0,0.96713664166,0.0,0.0,0.0,0.1053167083333333,0.0,0.0,6.0,0.0,0.0,0.0,0.0,0.0,0.0,0.0,0.0,0.0,0.0,0.0,0.0,0.0,0.0,0.0,0.0,0.0
278,278,922,2014,2.08610001944,0.0,0.0,0.0,2.08610001944,0.0,0.0,0.0,0.0,0.0,0.0,0.0,0.0,0.0,0.0,0.0,0.0,0.0,0.0,0.0,0.0,0.0,0.0,0.0,0.0,0.0,0.0,0.0,0.0,0.0
279,279,549,2014,29.509008022221668,11.0,1.0,13.952200672216666,0.0,1.156164122221166,0.0,1.4004117194455,0.0,0.0,0.0,13.000231508338334,9.0,0.0,1.0,0.0,2.0,0.0,0.0,0.0,11.0,1.0,0.0,0.0,0.0,0.0,0.0,0.0,0.0,1.0
280,280,300,2014,100.8243950222515,11.0,1.0,34.9587233861121,0.0,3.28345925,5.6171486000105,20.334780858340498,0.0,20.699155541671168,0.1903515527783333,15.740775833338834,9.0,0.0,1.0,2.0,9.0,0.0,7.0,0.0,11.0,1.0,0.0,0.0,0.0,0.0,0.0,0.0,0.0,1.0
281,281,54,2014,55.723724097214,4.0,1.0,17.0370163194483,0.0,2.126073569445666,0.0,22.4916928055516,0.0,2.233919186111666,0.0,11.835022216656666,4.0,0.0,0.0,0.0,5.0,0.0,0.0,0.0,4.0,1.0,0.0,0.0,0.0,0.0,0.0,0.0,0.0,1.0
282,282,288,2014,132.6815188999996,11.0,1.0,36.9438475277688,0.0,2.920452211108333,0.322065641666666,26.221240877804835,0.0,42.4307267916576,0.0,23.843185849993333,10.0,0.0,0.0,0.0,7.0,0.0,9.0,0.0,11.0,1.0,0.0,0.0,0.0,1.0,0.0,1.0,0.0,1.0
283,283,1261,2014,7.346119380556666,0.0,0.0,6.85215931944,0.0,0.493960061111666,0.0,0.0,0.0,0.0,0.0,0.0,1.0,0.0,0.0,0.0,0.0,0.0,0.0,0.0,0.0,0.0,0.0,0.0,0.0,0.0,0.0,0.0,0.0,0.0
284,284,631,2014,0.1245465277778333,0.0,0.0,0.0,0.0,0.1245465277778333,0.0,0.0,0.0,0.0,0.0,0.0,0.0,0.0,0.0,0.0,0.0,0.0,0.0,0.0,0.0,0.0,0.0,0.0,0.0,0.0,0.0,0.0,0.0,0.0
285,285,264,2014,70.7069525305499,0.0,0.0,63.3418037305499,0.0,1.794146227778833,0.1313202444445,0.4449396027778333,0.0,1.783221438888333,0.0,3.2115212861105,9.0,0.0,0.0,0.0,0.0,0.0,0.0,0.0,0.0,0.0,0.0,0.0,0.0,0.0,0.0,0.0,0.0,0.0
286,286,202,2014,114.9585806027648,10.0,1.0,26.07068130833,3.678012372216666,2.109761783333833,4.401843230556166,20.84758593889,0.0,22.559444049993832,0.0,35.2912519194433,9.0,1.0,0.0,3.0,9.0,0.0,13.0,0.0,10.0,1.0,0.0,0.0,0.0,1.0,0.0,0.0,0.0,1.0
287,287,660,2014,20.026578002778333,0.0,0.0,16.497528377777165,0.0,1.030473608333333,0.0,2.411744605556667,0.0,0.0,0.0,0.0868314111111666,1.0,0.0,0.0,0.0,1.0,0.0,0.0,0.0,0.0,0.0,0.0,0.0,0.0,0.0,0.0,0.0,0.0,0.0
288,288,835,2014,1.817971424999999,0.0,0.0,1.610402861111666,0.0,0.207568563888333,0.0,0.0,0.0,0.0,0.0,0.0,0.0,0.0,0.0,0.0,0.0,0.0,0.0,0.0,0.0,0.0,0.0,0.0,0.0,0.0,0.0,0.0,0.0,0.0
289,289,1015,2014,4.102940027778167,0.0,0.0,2.041523216666666,0.0,2.0614168111115,0.0,0.0,0.0,0.0,0.0,0.0,0.0,0.0,0.0,0.0,0.0,0.0,0.0,0.0,0.0,0.0,0.0,0.0,0.0,0.0,0.0,0.0,0.0,0.0
290,290,523,2014,16.22798177499,0.0,0.0,16.22798177499,0.0,0.0,0.0,0.0,0.0,0.0,0.0,0.0,4.0,0.0,0.0,0.0,0.0,0.0,0.0,0.0,0.0,0.0,0.0,0.0,0.0,0.0,0.0,0.0,0.0,0.0
291,291,110,2014,111.1790456999951,11.0,1.0,23.745285374993838,3.866744794443833,4.520971802776001,8.2575074305555,20.408809833335003,2.8424422861055,24.4034616111138,0.0,23.133822566671665,9.0,3.0,1.0,6.0,9.0,4.0,13.0,0.0,11.0,1.0,0.0,1.0,1.0,1.0,0.0,1.0,0.0,1.0
292,292,265,2014,28.764092963893333,2.0,0.0,21.0132950139,0.0,0.452359947221666,1.013195669443333,0.833974658333333,0.0,0.0,0.0,5.45126767499,8.0,0.0,0.0,0.0,1.0,0.0,0.0,0.0,2.0,0.0,0.0,0.0,0.0,0.0,0.0,0.0,0.0,0.0
293,293,514,2014,61.1194542222393,11.0,0.0,3.935516302777,0.0,0.816223583333333,0.0,22.5117257944395,0.0,0.0953965944445,0.0,33.760591947245004,0.0,0.0,0.0,0.0,9.0,0.0,0.0,0.0,11.0,1.0,0.0,0.0,0.0,0.0,0.0,0.0,0.0,0.0
294,294,650,2014,5.800905497227833,0.0,0.0,3.8177971888945,0.0,1.983108308333333,0.0,0.0,0.0,0.0,0.0,0.0,1.0,0.0,0.0,0.0,0.0,0.0,0.0,0.0,0.0,0.0,0.0,0.0,0.0,0.0,0.0,0.0,0.0,0.0
295,295,1135,2014,0.0426774333333333,0.0,0.0,0.0,0.0426774333333333,0.0,0.0,0.0,0.0,0.0,0.0,0.0,0.0,0.0,0.0,0.0,0.0,0.0,0.0,0.0,0.0,0.0,0.0,0.0,0.0,0.0,0.0,0.0,0.0,0.0
296,296,962,2014,0.2122313111116666,0.0,0.0,0.0,0.0,0.2122313111116666,0.0,0.0,0.0,0.0,0.0,0.0,0.0,0.0,0.0,0.0,0.0,0.0,0.0,0.0,0.0,0.0,0.0,0.0,0.0,0.0,0.0,0.0,0.0,0.0
297,297,397,2014,75.8431110666623,11.0,0.0,37.7570415749901,0.0,0.923326700000499,0.0,0.0,0.0,0.0,0.0,37.1627427916716,9.0,0.0,1.0,0.0,0.0,0.0,0.0,0.0,11.0,1.0,0.0,0.0,0.0,0.0,0.0,0.0,0.0,0.0
298,298,244,2014,70.4447920916998,11.0,1.0,15.248890147217168,0.0,1.294816627777666,3.850326963888333,16.794935036127168,0.0,19.715606741673835,0.0,13.540216575015666,9.0,0.0,0.0,2.0,9.0,0.0,14.0,0.0,11.0,1.0,0.0,0.0,0.0,1.0,0.0,1.0,0.0,1.0
299,299,976,2014,1.230677408333333,0.0,0.0,0.1805463166666666,0.0,1.050131091666666,0.0,0.0,0.0,0.0,0.0,0.0,0.0,0.0,0.0,0.0,0.0,0.0,0.0,0.0,0.0,0.0,0.0,0.0,0.0,0.0,0.0,0.0,0.0,0.0
300,300,1289,2014,0.511695402777833,0.0,0.0,0.0,0.0,0.3002997305555,0.0,0.0,0.0,0.2113956722223333,0.0,0.0,0.0,0.0,0.0,0.0,0.0,0.0,0.0,0.0,0.0,0.0,0.0,0.0,0.0,0.0,0.0,0.0,0.0,0.0
301,301,925,2014,1.489024011111666,0.0,0.0,0.0,1.42543694444,0.0635870666666666,0.0,0.0,0.0,0.0,0.0,0.0,0.0,1.0,0.0,0.0,0.0,0.0,0.0,0.0,0.0,0.0,0.0,0.0,0.0,0.0,0.0,0.0,0.0,0.0
302,302,278,2014,99.7727753555456,11.0,1.0,28.3714421110933,0.0,2.587646477778499,0.0,12.622189716648334,0.0,28.3188185472221,0.0,27.87267850280333,9.0,0.0,0.0,0.0,6.0,0.0,14.0,0.0,11.0,1.0,0.0,0.0,0.0,1.0,0.0,0.0,0.0,1.0
303,303,1013,2014,82.6234857861569,11.0,0.0,26.948090250011663,0.0,1.138738372223166,2.2304108,14.541621638,0.0,0.519361027778333,0.0,37.2452636972438,9.0,0.0,0.0,0.0,9.0,0.0,0.0,0.0,11.0,0.0,0.0,0.0,0.0,0.0,0.0,0.0,0.0,0.0
304,304,736,2014,46.99036066388216,2.0,0.0,37.6517984222038,0.0,2.863951422228333,0.0,0.0,0.0,0.0,0.0,6.474610819449999,10.0,0.0,0.0,0.0,0.0,0.0,0.0,0.0,2.0,0.0,0.0,0.0,0.0,0.0,0.0,0.0,0.0,0.0
305,305,444,2014,0.30337548055,0.0,0.0,0.0,0.0,0.30337548055,0.0,0.0,0.0,0.0,0.0,0.0,0.0,0.0,0.0,0.0,0.0,0.0,0.0,0.0,0.0,0.0,0.0,0.0,0.0,0.0,0.0,0.0,0.0,0.0
306,306,613,2014,94.6121569222276,11.0,1.0,26.000087880555,0.0,3.418051972220333,4.050951652766667,21.667984730566165,0.0,22.243975161121167,0.0,17.231105524998334,9.0,0.0,1.0,1.0,9.0,0.0,8.0,0.0,11.0,1.0,0.0,0.0,0.0,1.0,0.0,0.0,0.0,1.0
307,307,953,2014,6.781875491667167,0.0,0.0,6.510427061111667,0.0,0.0370435222221666,0.0,0.0,0.0,0.0,0.0,0.2344049083333333,2.0,0.0,0.0,0.0,0.0,0.0,0.0,0.0,0.0,0.0,0.0,0.0,0.0,0.0,0.0,0.0,0.0,0.0
308,308,546,2014,329.3951112332892,11.0,1.0,63.7975602194116,3.955905838889333,2.023759863889833,5.489824844438333,61.45286210555,4.47791909166,93.494505663885,0.0,94.70277360556,9.0,0.0,1.0,0.0,9.0,0.0,14.0,0.0,11.0,1.0,0.0,0.0,0.0,1.0,0.0,0.0,0.0,1.0
309,309,618,2014,33.6933316638861,11.0,0.0,16.06713515832,0.0,0.311693797221666,0.0,0.0,0.0,0.0,0.0,17.3145027083445,8.0,0.0,0.0,0.0,0.0,0.0,0.0,0.0,11.0,1.0,0.0,0.0,0.0,0.0,0.0,0.0,0.0,0.0
310,310,209,2014,142.1140504277825,11.0,1.0,42.2917583944278,0.0,4.0134831388875,0.0,27.46527724724,0.0,35.685249527783334,0.0,32.6582821194388,9.0,0.0,1.0,0.0,9.0,0.0,14.0,0.0,11.0,1.0,0.0,0.0,0.0,1.0,0.0,0.0,0.0,1.0
311,311,1160,2014,0.0450680805555,0.0,0.0,0.0,0.0,0.0,0.0450680805555,0.0,0.0,0.0,0.0,0.0,0.0,0.0,0.0,0.0,0.0,0.0,0.0,0.0,0.0,0.0,0.0,0.0,0.0,0.0,0.0,0.0,0.0,0.0
312,312,358,2014,66.2266042333166,4.0,0.0,42.823391344434334,0.0,2.49498410833,0.0,0.0,0.0,0.0,0.0,20.9082287805483,9.0,0.0,0.0,0.0,0.0,0.0,0.0,0.0,4.0,1.0,0.0,0.0,0.0,0.0,0.0,0.0,0.0,0.0
313,313,292,2014,123.8884817444476,11.0,1.0,29.8377508555483,0.0,3.792804566666666,1.060240361111666,21.7527410305543,0.0,22.3345546277866,0.0,45.11039030278,9.0,0.0,0.0,0.0,9.0,0.0,13.0,0.0,11.0,1.0,0.0,0.0,0.0,1.0,0.0,1.0,0.0,1.0
314,314,1236,2014,2.106451491666667,0.0,0.0,0.0,0.0,0.0358296444445,0.1144025388888333,1.956219308333333,0.0,0.0,0.0,0.0,0.0,0.0,0.0,0.0,0.0,0.0,0.0,0.0,0.0,0.0,0.0,0.0,0.0,0.0,0.0,0.0,0.0,0.0
315,315,594,2014,56.6633921110793,11.0,1.0,26.032447991633333,0.0,0.927977944443333,0.0,6.162960336111666,0.0,0.0,0.0,23.540005838891,8.0,0.0,0.0,0.0,4.0,0.0,0.0,0.0,11.0,1.0,0.0,0.0,0.0,0.0,0.0,0.0,0.0,1.0
316,316,1251,2014,0.528748413888833,0.0,0.0,0.0,0.0,0.528748413888833,0.0,0.0,0.0,0.0,0.0,0.0,0.0,0.0,0.0,0.0,0.0,0.0,0.0,0.0,0.0,0.0,0.0,0.0,0.0,0.0,0.0,0.0,0.0,0.0
317,317,1152,2014,0.0,0.0,0.0,0.0,0.0,0.0,0.0,0.0,0.0,0.0,0.0,0.0,0.0,0.0,0.0,0.0,0.0,0.0,0.0,0.0,0.0,0.0,0.0,0.0,0.0,0.0,0.0,0.0,0.0,0.0
318,318,1181,2014,14.238445716662332,0.0,0.0,11.345054986106668,0.0,2.893390730555666,0.0,0.0,0.0,0.0,0.0,0.0,2.0,0.0,1.0,0.0,0.0,0.0,0.0,0.0,0.0,0.0,0.0,0.0,0.0,0.0,0.0,0.0,0.0,0.0
319,319,1225,2014,0.302259588888333,0.0,0.0,0.26462718055,0.0,0.0376324083333333,0.0,0.0,0.0,0.0,0.0,0.0,0.0,0.0,0.0,0.0,0.0,0.0,0.0,0.0,0.0,0.0,0.0,0.0,0.0,0.0,0.0,0.0,0.0,0.0
320,320,1252,2014,22.890425538888334,2.0,0.0,13.8002748,0.0,2.099751283333333,0.0,0.0,0.0,0.21902253055,0.0,6.77137692499,5.0,0.0,0.0,0.0,0.0,0.0,0.0,0.0,2.0,0.0,0.0,0.0,0.0,0.0,0.0,0.0,0.0,0.0
321,321,377,2014,46.3664200944366,7.0,0.0,18.6592972027795,0.0,0.9511471805555,1.19879981944,13.81170794444,0.0,2.052450538888333,0.0,9.693017408328334,8.0,0.0,0.0,0.0,7.0,0.0,1.0,0.0,7.0,1.0,0.0,0.0,0.0,1.0,0.0,0.0,0.0,0.0
322,322,909,2014,1.056248625,0.0,0.0,0.0,0.0,1.056248625,0.0,0.0,0.0,0.0,0.0,0.0,0.0,0.0,0.0,0.0,0.0,0.0,0.0,0.0,0.0,0.0,0.0,0.0,0.0,0.0,0.0,0.0,0.0,0.0
323,323,1009,2014,12.990832586116166,0.0,0.0,12.350852855559998,0.0,0.1181625277778333,0.0,0.0,0.0,0.275357502778333,0.0,0.2464597,6.0,0.0,0.0,0.0,0.0,0.0,0.0,0.0,0.0,0.0,0.0,0.0,0.0,0.0,0.0,0.0,0.0,0.0
324,324,342,2014,142.5013531222273,11.0,1.0,30.524405561106665,3.514968786111666,5.835254513893333,24.778820863882835,20.2408331972273,5.920621427766666,32.1765912000121,0.0,19.509857572226668,9.0,1.0,1.0,8.0,9.0,6.0,14.0,0.0,11.0,1.0,0.0,0.0,0.0,1.0,0.0,1.0,0.0,1.0
325,325,1245,2014,0.140090425,0.0,0.0,0.0,0.0,0.140090425,0.0,0.0,0.0,0.0,0.0,0.0,0.0,0.0,0.0,0.0,0.0,0.0,0.0,0.0,0.0,0.0,0.0,0.0,0.0,0.0,0.0,0.0,0.0,0.0
326,326,364,2014,100.0543666583071,11.0,1.0,29.7070369916661,0.0,1.683872308331166,0.0,15.533440002778168,0.0,15.900251824998332,0.0,37.229765530533335,9.0,0.0,0.0,0.0,7.0,0.0,5.0,0.0,11.0,1.0,0.0,0.0,0.0,1.0,0.0,0.0,0.0,1.0
327,327,137,2014,101.3565346500183,11.0,1.0,24.588658091667167,0.0,2.285801322221167,8.387340436122166,20.999104633339503,0.0,29.67263505833,0.0,15.422995108338332,9.0,0.0,0.0,4.0,8.0,0.0,14.0,0.0,11.0,1.0,0.0,0.0,0.0,1.0,0.0,1.0,0.0,1.0
328,328,316,2014,167.6477724416358,11.0,1.0,34.5218946583221,0.0919152999999999,5.7975881444505,29.0931313583338,29.124674666655004,0.0,39.30304758056168,0.0,29.715520733312665,9.0,0.0,1.0,8.0,9.0,0.0,14.0,0.0,11.0,1.0,0.0,1.0,1.0,1.0,0.0,1.0,0.0,1.0
329,329,1156,2014,1.335185902778333,0.0,0.0,0.0,0.0,1.335185902778333,0.0,0.0,0.0,0.0,0.0,0.0,0.0,0.0,0.0,0.0,0.0,0.0,0.0,0.0,0.0,0.0,0.0,0.0,0.0,0.0,0.0,0.0,0.0,0.0
330,330,64,2014,20.81571393889833,7.0,0.0,8.608172238893333,0.0,1.251695805555499,2.644943761116666,0.0,0.0,0.0,0.0,8.310902133332833,9.0,0.0,0.0,1.0,0.0,0.0,0.0,0.0,7.0,1.0,0.0,0.0,0.0,0.0,0.0,0.0,0.0,0.0
331,331,820,2014,1.751909066666666,0.0,0.0,0.0,0.0,1.751909066666666,0.0,0.0,0.0,0.0,0.0,0.0,0.0,0.0,0.0,0.0,0.0,0.0,0.0,0.0,0.0,0.0,0.0,0.0,0.0,0.0,0.0,0.0,0.0,0.0
332,332,524,2014,6.682117536104999,0.0,0.0,5.797812547216666,0.0,0.884304988888333,0.0,0.0,0.0,0.0,0.0,0.0,2.0,0.0,0.0,0.0,0.0,0.0,0.0,0.0,0.0,0.0,0.0,0.0,0.0,0.0,0.0,0.0,0.0,0.0
333,333,560,2014,108.2194147361173,11.0,1.0,38.6377642138711,0.0,4.294349772220666,0.0,0.0462246305554999,0.0,36.63681922502384,0.0,28.604256894446166,10.0,0.0,0.0,0.0,0.0,0.0,10.0,0.0,11.0,1.0,0.0,0.0,0.0,0.0,0.0,0.0,0.0,1.0
334,334,637,2014,0.667530841666666,0.0,0.0,0.0,0.0,0.667530841666666,0.0,0.0,0.0,0.0,0.0,0.0,0.0,0.0,0.0,0.0,0.0,0.0,0.0,0.0,0.0,0.0,0.0,0.0,0.0,0.0,0.0,0.0,0.0,0.0
335,335,570,2014,126.7527315944601,11.0,1.0,32.19417343611384,0.0,3.1978800055555,16.574057305560334,22.703521991667834,0.0,27.298646674996498,0.0,24.784452180566166,10.0,0.0,1.0,6.0,9.0,0.0,13.0,0.0,11.0,1.0,0.0,0.0,0.0,1.0,0.0,1.0,0.0,1.0
336,336,347,2014,36.601361749977,0.0,0.0,31.0682481027533,0.0,1.560444113889333,0.1537720805555,0.0481537805555,0.0,0.0543290277778333,0.0,3.7164146444455,9.0,0.0,0.0,0.0,0.0,0.0,0.0,0.0,0.0,0.0,0.0,0.0,0.0,0.0,0.0,0.0,0.0,0.0
337,337,343,2014,46.6759588249835,10.0,0.0,25.169617130549003,0.0,1.039643216666666,0.0,0.0,0.0,0.0,0.0,20.4666984777678,9.0,0.0,0.0,0.0,0.0,0.0,0.0,0.0,10.0,1.0,0.0,0.0,0.0,0.0,0.0,0.0,0.0,0.0
338,338,747,2014,0.0,0.0,0.0,0.0,0.0,0.0,0.0,0.0,0.0,0.0,0.0,0.0,0.0,0.0,0.0,0.0,0.0,0.0,0.0,0.0,0.0,0.0,0.0,0.0,0.0,0.0,0.0,0.0,0.0,0.0
339,339,153,2014,90.0401564583121,5.0,0.0,46.0897361777638,0.0,2.228444761111666,0.0,0.0,0.0,0.0,0.0,41.7219755194366,8.0,0.0,0.0,0.0,0.0,0.0,0.0,0.0,5.0,1.0,0.0,0.0,0.0,0.0,0.0,0.0,0.0,0.0
340,340,778,2014,1.26237071944,0.0,0.0,0.746334702778333,0.4590804666666666,0.0569555,0.0,0.0,0.0,0.0,0.0,0.0,0.0,0.0,0.0,0.0,0.0,0.0,0.0,0.0,0.0,0.0,0.0,0.0,0.0,0.0,0.0,0.0,0.0,0.0
341,341,623,2014,0.0388507861111666,0.0,0.0,0.0,0.0,0.0388507861111666,0.0,0.0,0.0,0.0,0.0,0.0,0.0,0.0,0.0,0.0,0.0,0.0,0.0,0.0,0.0,0.0,0.0,0.0,0.0,0.0,0.0,0.0,0.0,0.0
342,342,1201,2014,63.1260874860971,10.0,0.0,15.456326474988998,0.0,2.139203230554999,0.0,6.370340047221666,0.0,0.0,0.0,39.1602177333315,5.0,0.0,0.0,0.0,4.0,0.0,0.0,0.0,10.0,0.0,0.0,0.0,0.0,0.0,0.0,0.0,0.0,0.0
343,343,581,2014,53.6841383944671,11.0,1.0,12.978987961123334,1.562693877778333,2.596052108333833,5.979869983333333,7.769282197233334,1.99216285555,11.549688519438336,0.79409865555,8.461302236121666,9.0,3.0,0.0,7.0,9.0,7.0,13.0,2.0,11.0,1.0,0.0,0.0,0.0,1.0,0.0,0.0,0.0,1.0
344,344,111,2014,27.4073543666661,0.0,0.0,25.578102705554503,0.0,0.464612566666666,0.0,0.0,0.0,0.0,0.0,1.36463909444,9.0,0.0,0.0,0.0,0.0,0.0,0.0,0.0,0.0,1.0,0.0,0.0,0.0,0.0,0.0,0.0,0.0,0.0
345,345,866,2014,1.35025868889,0.0,0.0,0.552070394445,0.0,0.79818829444,0.0,0.0,0.0,0.0,0.0,0.0,0.0,0.0,0.0,0.0,0.0,0.0,0.0,0.0,0.0,0.0,0.0,0.0,0.0,0.0,0.0,0.0,0.0,0.0
346,346,52,2014,50.5511950555445,8.0,0.0,24.8146309777755,0.0,1.9141341111095,0.0,1.959883283333333,0.0,0.0,0.0,21.862546683326165,9.0,0.0,0.0,0.0,1.0,0.0,0.0,0.0,8.0,1.0,0.0,0.0,0.0,0.0,0.0,0.0,0.0,0.0
347,347,450,2014,130.5037322916576,11.0,1.0,35.2896490833221,7.861887066671667,2.5282628249995,4.916533566672167,21.292886697214836,0.0350249583333333,25.9525523166751,6.99854094445,25.628394833313838,9.0,2.0,0.0,1.0,9.0,0.0,14.0,4.0,11.0,1.0,0.0,0.0,0.0,0.0,0.0,0.0,0.0,1.0
348,348,1127,2014,0.24385634444,0.0,0.0,0.0,0.0,0.24385634444,0.0,0.0,0.0,0.0,0.0,0.0,0.0,0.0,0.0,0.0,0.0,0.0,0.0,0.0,0.0,0.0,0.0,0.0,0.0,0.0,0.0,0.0,0.0,0.0
349,349,611,2014,26.502375744464494,1.0,0.0,8.17585360835,0.0,1.742968461111666,1.199875391666666,8.76348518333,0.0,0.878222991666166,0.0,5.741970108339999,3.0,0.0,0.0,0.0,4.0,0.0,0.0,0.0,1.0,1.0,0.0,0.0,0.0,0.0,0.0,1.0,0.0,0.0
350,350,583,2014,60.3417721666666,11.0,1.0,17.194920444448332,0.0,0.9541971305555,0.0,24.133614772235003,0.0,0.0,0.0,18.059039819427834,9.0,0.0,0.0,0.0,9.0,0.0,0.0,0.0,11.0,1.0,0.0,0.0,0.0,0.0,0.0,0.0,0.0,1.0
351,351,380,2014,129.161310269471,10.0,1.0,40.06368665277501,0.0,2.7296744555555,0.77320923055,19.0823918638778,0.0,39.8642132777916,0.0,26.648134788916007,9.0,0.0,1.0,0.0,5.0,0.0,13.0,0.0,10.0,1.0,0.0,0.0,0.0,0.0,0.0,0.0,0.0,1.0
352,352,682,2014,0.0,0.0,0.0,0.0,0.0,0.0,0.0,0.0,0.0,0.0,0.0,0.0,0.0,0.0,0.0,0.0,0.0,0.0,0.0,0.0,0.0,0.0,0.0,0.0,0.0,0.0,0.0,0.0,0.0,0.0
353,353,241,2014,44.3385293027583,11.0,1.0,17.494954813871164,0.0,2.019198022223833,0.0,8.577613994443333,0.0,0.0,0.0,16.24676247222,9.0,0.0,0.0,0.0,4.0,0.0,0.0,0.0,11.0,1.0,0.0,0.0,0.0,0.0,0.0,0.0,0.0,1.0
354,354,1076,2014,1.577629252778333,0.0,0.0,0.0,0.0,1.577629252778333,0.0,0.0,0.0,0.0,0.0,0.0,0.0,0.0,0.0,0.0,0.0,0.0,0.0,0.0,0.0,0.0,0.0,0.0,0.0,0.0,0.0,0.0,0.0,0.0
355,355,529,2014,32.938701124999504,0.0,0.0,31.5206516722216,0.0,1.418049452777833,0.0,0.0,0.0,0.0,0.0,0.0,7.0,0.0,0.0,0.0,0.0,0.0,0.0,0.0,0.0,0.0,0.0,0.0,0.0,0.0,0.0,0.0,0.0,0.0
356,356,46,2014,99.1036545611111,11.0,1.0,41.4573564749999,0.0,4.392499691667666,0.0,3.4029262,0.0,13.144544972212334,0.0,36.7063272222311,9.0,0.0,0.0,0.0,3.0,0.0,6.0,0.0,11.0,1.0,0.0,0.0,0.0,0.0,0.0,0.0,0.0,1.0
357,357,193,2014,62.4668473166856,10.0,0.0,37.50812414168,0.0,2.394414630557333,0.0,0.0,0.0,0.0,0.0,22.564308544443332,9.0,0.0,0.0,0.0,0.0,0.0,0.0,0.0,10.0,0.0,0.0,0.0,0.0,0.0,0.0,0.0,0.0,0.0
358,358,78,2014,120.4964515443976,11.0,0.0,44.9024575888716,0.0,0.450660605555,0.0,0.0,0.0,0.0738938222221666,0.0,75.0694395277488,9.0,0.0,0.0,0.0,0.0,0.0,0.0,0.0,11.0,1.0,0.0,0.0,0.0,0.0,0.0,0.0,0.0,0.0
359,359,974,2014,1.6924173305555,0.0,0.0,1.591832625,0.0,0.1005847055555,0.0,0.0,0.0,0.0,0.0,0.0,0.0,0.0,0.0,0.0,0.0,0.0,0.0,0.0,0.0,0.0,0.0,0.0,0.0,0.0,0.0,0.0,0.0,0.0
360,360,346,2014,124.35479024999,11.0,1.0,31.114839875011,0.0,9.154014633331998,10.776017875008334,26.713194291666664,0.0,29.25917137499716,0.0,17.337552199982834,9.0,0.0,3.0,2.0,9.0,0.0,14.0,0.0,11.0,1.0,0.0,0.0,0.0,1.0,0.0,1.0,0.0,1.0
361,361,759,2014,1.171311763888833,0.0,0.0,0.87512386944,0.0,0.2961878944438333,0.0,0.0,0.0,0.0,0.0,0.0,0.0,0.0,0.0,0.0,0.0,0.0,0.0,0.0,0.0,0.0,0.0,0.0,0.0,0.0,0.0,0.0,0.0,0.0
362,362,388,2014,3.41389815,0.0,0.0,3.273278191671667,0.0,0.1406199583333333,0.0,0.0,0.0,0.0,0.0,0.0,1.0,0.0,1.0,0.0,0.0,0.0,0.0,0.0,0.0,0.0,0.0,0.0,0.0,0.0,0.0,0.0,0.0,0.0
363,363,710,2014,2.0707133555555,0.0,0.0,1.801394733333333,0.0,0.1189418972221666,0.0,0.0,0.0,0.0358433916666666,0.0,0.1145333333333333,0.0,0.0,0.0,0.0,0.0,0.0,0.0,0.0,0.0,0.0,0.0,0.0,0.0,0.0,0.0,0.0,0.0,0.0
364,364,43,2014,27.76579750557,0.0,0.0,25.155788705573165,0.0,1.8308736361105,0.0,0.0,0.0,0.0,0.0,0.779135163888333,5.0,0.0,0.0,0.0,0.0,0.0,0.0,0.0,0.0,1.0,0.0,0.0,0.0,0.0,0.0,0.0,0.0,0.0
365,365,62,2014,55.827586525,11.0,1.0,16.5422628555505,0.0,2.203667877777166,0.0,15.624053041666665,0.0,2.953116608333333,0.0,18.50448614167833,9.0,0.0,0.0,0.0,9.0,0.0,2.0,0.0,11.0,1.0,0.0,0.0,0.0,0.0,0.0,0.0,0.0,1.0
366,366,1223,2014,0.732718075,0.0,0.0,0.0,0.0,0.732718075,0.0,0.0,0.0,0.0,0.0,0.0,0.0,0.0,0.0,0.0,0.0,0.0,0.0,0.0,0.0,0.0,0.0,0.0,0.0,0.0,0.0,0.0,0.0,0.0
367,367,166,2014,108.4208812166985,9.0,1.0,28.452256877786663,0.0,3.026007061111666,0.0,24.014330150011165,1.915057461111666,21.855154533324495,0.0,29.158075133352835,9.0,0.0,0.0,0.0,9.0,4.0,14.0,0.0,9.0,1.0,0.0,0.0,0.0,1.0,0.0,1.0,0.0,1.0
368,368,473,2014,30.663202074990995,6.0,0.0,18.214255166655,0.0,1.8790437805555,0.0,0.0,0.0,0.0,0.0,10.5699031277805,10.0,0.0,1.0,0.0,0.0,0.0,0.0,0.0,6.0,1.0,0.0,0.0,0.0,0.0,0.0,0.0,0.0,0.0
369,369,801,2014,0.3955054249999999,0.0,0.0,0.0,0.0,0.3955054249999999,0.0,0.0,0.0,0.0,0.0,0.0,0.0,0.0,0.0,0.0,0.0,0.0,0.0,0.0,0.0,0.0,0.0,0.0,0.0,0.0,0.0,0.0,0.0,0.0
370,370,982,2014,0.0379468666666666,0.0,0.0,0.0379468666666666,0.0,0.0,0.0,0.0,0.0,0.0,0.0,0.0,0.0,0.0,0.0,0.0,0.0,0.0,0.0,0.0,0.0,0.0,0.0,0.0,0.0,0.0,0.0,0.0,0.0,0.0
371,371,896,2014,10.368085094437664,0.0,0.0,9.446127974993331,0.0,0.921957119444333,0.0,0.0,0.0,0.0,0.0,0.0,4.0,0.0,0.0,0.0,0.0,0.0,0.0,0.0,0.0,0.0,0.0,0.0,0.0,0.0,0.0,0.0,0.0,0.0
372,372,571,2014,42.10759805556616,11.0,0.0,22.844682772229497,0.0,1.037411702777833,0.0,0.0,0.0,0.0,0.0,18.225503580558836,9.0,0.0,0.0,0.0,0.0,0.0,0.0,0.0,11.0,1.0,0.0,0.0,0.0,0.0,0.0,0.0,0.0,0.0
373,373,705,2014,0.0336237694445,0.0,0.0,0.0,0.0336237694445,0.0,0.0,0.0,0.0,0.0,0.0,0.0,0.0,0.0,0.0,0.0,0.0,0.0,0.0,0.0,0.0,0.0,0.0,0.0,0.0,0.0,0.0,0.0,0.0,0.0
374,374,1199,2014,0.0785794027778333,0.0,0.0,0.0,0.0,0.0785794027778333,0.0,0.0,0.0,0.0,0.0,0.0,0.0,0.0,0.0,0.0,0.0,0.0,0.0,0.0,0.0,0.0,0.0,0.0,0.0,0.0,0.0,0.0,0.0,0.0
375,375,411,2014,14.8413476694495,0.0,0.0,13.71262359445,0.0,1.1287240749995,0.0,0.0,0.0,0.0,0.0,0.0,5.0,0.0,0.0,0.0,0.0,0.0,0.0,0.0,0.0,0.0,0.0,0.0,0.0,0.0,0.0,0.0,0.0,0.0
376,376,453,2014,126.4307245249943,10.0,1.0,60.387726686098326,0.3685403777776666,3.328982505556666,0.45876899444,6.986254886111666,0.0,0.610496588888333,0.0,54.2899544861166,9.0,0.0,0.0,0.0,2.0,0.0,0.0,0.0,10.0,1.0,0.0,0.0,0.0,0.0,0.0,0.0,0.0,1.0
377,377,697,2014,10.180098463888331,0.0,0.0,8.900987491666665,0.0,1.279110972221666,0.0,0.0,0.0,0.0,0.0,0.0,3.0,0.0,0.0,0.0,0.0,0.0,0.0,0.0,0.0,0.0,0.0,0.0,0.0,0.0,0.0,0.0,0.0,0.0
378,378,776,2014,0.0651727111111666,0.0,0.0,0.0,0.0,0.0651727111111666,0.0,0.0,0.0,0.0,0.0,0.0,0.0,0.0,0.0,0.0,0.0,0.0,0.0,0.0,0.0,0.0,0.0,0.0,0.0,0.0,0.0,0.0,0.0,0.0
379,379,1077,2014,2.536887786116667,0.0,0.0,2.33309871945,0.0,0.2037890666666666,0.0,0.0,0.0,0.0,0.0,0.0,0.0,0.0,0.0,0.0,0.0,0.0,0.0,0.0,0.0,0.0,0.0,0.0,0.0,0.0,0.0,0.0,0.0,0.0
380,380,808,2014,1.771655358333333,0.0,0.0,1.724102575,0.0,0.0475527833333333,0.0,0.0,0.0,0.0,0.0,0.0,0.0,0.0,0.0,0.0,0.0,0.0,0.0,0.0,0.0,0.0,0.0,0.0,0.0,0.0,0.0,0.0,0.0,0.0
381,381,557,2014,19.077535661103333,0.0,0.0,18.750590613881663,0.0,0.326945047221666,0.0,0.0,0.0,0.0,0.0,0.0,3.0,0.0,0.0,0.0,0.0,0.0,0.0,0.0,0.0,0.0,0.0,0.0,0.0,0.0,0.0,0.0,0.0,0.0
382,382,461,2014,126.0110140778598,11.0,1.0,30.99736696112,0.0,3.071465461111666,0.0,20.5850826666776,0.0,36.99565849169,0.0,34.361440497255494,9.0,0.0,0.0,0.0,9.0,0.0,14.0,0.0,11.0,1.0,0.0,0.0,0.0,1.0,0.0,0.0,0.0,1.0
383,383,1027,2014,0.850066802778333,0.0,0.0,0.0,0.0,0.850066802778333,0.0,0.0,0.0,0.0,0.0,0.0,0.0,0.0,0.0,0.0,0.0,0.0,0.0,0.0,0.0,0.0,0.0,0.0,0.0,0.0,0.0,0.0,0.0,0.0
384,384,641,2014,5.548265505556666,0.0,0.0,4.471072902778333,0.0,1.077192602778333,0.0,0.0,0.0,0.0,0.0,0.0,1.0,0.0,0.0,0.0,0.0,0.0,0.0,0.0,0.0,0.0,0.0,0.0,0.0,0.0,0.0,0.0,0.0,0.0
385,385,933,2014,0.633610255556166,0.0,0.0,0.0692218027778333,0.0,0.564388452778333,0.0,0.0,0.0,0.0,0.0,0.0,0.0,0.0,0.0,0.0,0.0,0.0,0.0,0.0,0.0,0.0,0.0,0.0,0.0,0.0,0.0,0.0,0.0,0.0
386,386,932,2014,3.869330969446166,0.0,0.0,3.033263319446166,0.0,0.836067649999999,0.0,0.0,0.0,0.0,0.0,0.0,0.0,0.0,0.0,0.0,0.0,0.0,0.0,0.0,0.0,0.0,0.0,0.0,0.0,0.0,0.0,0.0,0.0,0.0
387,387,79,2014,67.8765994360873,6.0,1.0,25.8957986777733,0.0,4.148379702779667,0.2402393083333333,14.074483858323337,0.0,4.544219116671667,0.0,18.973478772206004,8.0,0.0,0.0,0.0,4.0,0.0,0.0,0.0,6.0,1.0,0.0,0.0,0.0,0.0,0.0,0.0,0.0,1.0
388,388,1124,2014,1.0253544,0.0,0.0,0.0,0.0,1.0253544,0.0,0.0,0.0,0.0,0.0,0.0,0.0,0.0,0.0,0.0,0.0,0.0,0.0,0.0,0.0,0.0,0.0,0.0,0.0,0.0,0.0,0.0,0.0,0.0
389,389,667,2014,2.82688986111,0.0,0.0,1.714575372221666,0.0,1.112314488888333,0.0,0.0,0.0,0.0,0.0,0.0,0.0,0.0,0.0,0.0,0.0,0.0,0.0,0.0,0.0,0.0,0.0,0.0,0.0,0.0,0.0,0.0,0.0,0.0
390,390,159,2014,0.30734531944,0.0,0.0,0.0,0.0,0.30734531944,0.0,0.0,0.0,0.0,0.0,0.0,0.0,0.0,1.0,0.0,0.0,0.0,0.0,0.0,0.0,0.0,0.0,0.0,0.0,0.0,0.0,0.0,0.0,0.0
391,391,771,2014,2.598151174998333,0.0,0.0,2.05085123611,0.0,0.31514088055,0.0,0.037054375,0.0,0.0,0.0,0.1951046833333333,0.0,0.0,0.0,0.0,0.0,0.0,0.0,0.0,0.0,0.0,0.0,0.0,0.0,0.0,0.0,0.0,0.0,0.0
392,392,836,2014,1.594826425,0.0,0.0,0.0,0.0,0.606363577778333,0.0,0.988462847221666,0.0,0.0,0.0,0.0,0.0,0.0,0.0,0.0,1.0,0.0,0.0,0.0,0.0,0.0,0.0,0.0,0.0,0.0,0.0,0.0,0.0,0.0
393,393,743,2014,0.1567251,0.0,0.0,0.1567251,0.0,0.0,0.0,0.0,0.0,0.0,0.0,0.0,0.0,0.0,0.0,0.0,0.0,0.0,0.0,0.0,0.0,0.0,0.0,0.0,0.0,0.0,0.0,0.0,0.0,0.0
394,394,516,2014,0.0783737388888333,0.0,0.0,0.0,0.0,0.0783737388888333,0.0,0.0,0.0,0.0,0.0,0.0,0.0,0.0,0.0,0.0,0.0,0.0,0.0,0.0,0.0,0.0,0.0,0.0,0.0,0.0,0.0,0.0,0.0,0.0
395,395,1180,2014,2.320899274998333,0.0,0.0,0.863464488888333,0.0,0.0488795833333333,0.890589797221666,0.0,0.0,0.0,0.0,0.51796540555,0.0,0.0,0.0,0.0,0.0,0.0,0.0,0.0,0.0,0.0,0.0,0.0,0.0,0.0,0.0,0.0,0.0,0.0
396,396,668,2014,0.0368519638888333,0.0,0.0,0.0,0.0,0.0368519638888333,0.0,0.0,0.0,0.0,0.0,0.0,0.0,0.0,0.0,0.0,0.0,0.0,0.0,0.0,0.0,0.0,0.0,0.0,0.0,0.0,0.0,0.0,0.0,0.0
397,397,169,2014,0.0447705694444999,0.0,0.0,0.0,0.0,0.0447705694444999,0.0,0.0,0.0,0.0,0.0,0.0,0.0,0.0,0.0,0.0,0.0,0.0,0.0,0.0,0.0,0.0,0.0,0.0,0.0,0.0,0.0,0.0,0.0,0.0
398,398,671,2014,10.76756871111,0.0,0.0,9.6069018500055,0.0,1.1606668611105,0.0,0.0,0.0,0.0,0.0,0.0,2.0,0.0,0.0,0.0,0.0,0.0,0.0,0.0,0.0,0.0,0.0,0.0,0.0,0.0,0.0,0.0,0.0,0.0
399,399,1295,2014,0.1675348638888333,0.0,0.0,0.0891183555555,0.0,0.0784165083333333,0.0,0.0,0.0,0.0,0.0,0.0,0.0,0.0,0.0,0.0,0.0,0.0,0.0,0.0,0.0,0.0,0.0,0.0,0.0,0.0,0.0,0.0,0.0,0.0
400,400,547,2014,5.249179388883333,0.0,0.0,5.249179388883333,0.0,0.0,0.0,0.0,0.0,0.0,0.0,0.0,3.0,0.0,0.0,0.0,0.0,0.0,0.0,0.0,0.0,0.0,0.0,0.0,0.0,0.0,0.0,0.0,0.0,0.0
401,401,1246,2014,1.403670491666166,0.0,0.0,0.0430309944445,0.0,0.887957558333333,0.0,0.0535413,0.0,0.4191405888883333,0.0,0.0,0.0,0.0,0.0,0.0,0.0,0.0,0.0,0.0,0.0,0.0,0.0,0.0,0.0,0.0,0.0,0.0,0.0,0.0
402,402,1095,2014,5.7339069194445,0.0,0.0,4.1669843,0.0,1.5669226194445,0.0,0.0,0.0,0.0,0.0,0.0,0.0,0.0,0.0,0.0,0.0,0.0,0.0,0.0,0.0,0.0,0.0,0.0,0.0,0.0,0.0,0.0,0.0,0.0
403,403,960,2014,0.438236711111666,0.0,0.0,0.0,0.0,0.438236711111666,0.0,0.0,0.0,0.0,0.0,0.0,0.0,0.0,0.0,0.0,0.0,0.0,0.0,0.0,0.0,0.0,0.0,0.0,0.0,0.0,0.0,0.0,0.0,0.0
404,404,695,2014,1.726271341666666,0.0,0.0,0.0,0.0,1.726271341666666,0.0,0.0,0.0,0.0,0.0,0.0,0.0,0.0,0.0,0.0,0.0,0.0,0.0,0.0,0.0,0.0,0.0,0.0,0.0,0.0,0.0,0.0,0.0,0.0
405,405,987,2014,1.060631083333333,0.0,0.0,0.0,0.0,0.2173302777783333,0.0,0.0,0.0,0.84330080555,0.0,0.0,0.0,0.0,0.0,0.0,0.0,0.0,0.0,0.0,0.0,0.0,0.0,0.0,0.0,0.0,0.0,0.0,0.0,0.0
406,406,917,2014,0.612932138888333,0.0,0.0,0.50650735555,0.0,0.1064247833333333,0.0,0.0,0.0,0.0,0.0,0.0,0.0,0.0,0.0,0.0,0.0,0.0,0.0,0.0,0.0,0.0,0.0,0.0,0.0,0.0,0.0,0.0,0.0,0.0
407,407,474,2014,74.3493772666638,11.0,1.0,15.806123475011669,2.393721783338333,3.264828908332666,7.740319897217833,9.9738949972055,3.1412206388895,15.077189688883331,0.0,16.952077877784998,9.0,2.0,0.0,8.0,9.0,3.0,12.0,0.0,11.0,1.0,1.0,1.0,1.0,1.0,1.0,1.0,0.0,1.0
408,408,634,2014,52.854911458340666,11.0,1.0,20.995900302787835,0.0,1.178571566666666,0.0,14.054398597227166,0.0,1.296803636111166,0.0,15.329237355547832,9.0,0.0,0.0,0.0,7.0,0.0,1.0,0.0,11.0,1.0,0.0,0.0,0.0,0.0,0.0,0.0,0.0,1.0
409,409,319,2014,18.55269900277,1.0,0.0,10.557274811,0.0,3.71794043888,0.1511208333333333,0.3530118555561666,0.0,2.226569877783333,0.0544213611111666,1.492359825,5.0,0.0,1.0,0.0,0.0,0.0,1.0,0.0,1.0,0.0,0.0,0.0,0.0,0.0,0.0,0.0,0.0,0.0
